Dataset,Model,Seed,Epochs,Learning Rate,Batch Size,Loss
MNIST,SMLLAE,1,0,0.01,64,0.014295315334219922
MNIST,SMLLAE,1,1,0.01,64,0.013471051630601763
MNIST,SMLLAE,1,2,0.01,64,0.013367264171136912
MNIST,SMLLAE,1,3,0.01,64,0.013359573416546908
MNIST,SMLLAE,1,4,0.01,64,0.013356479577847254
MNIST,SMLLAE,1,Test,0.01,64,0.013284199064372072
MNIST,SMLLAE,1,0,0.001,64,0.014714868470176515
MNIST,SMLLAE,1,1,0.001,64,0.013862573777013687
MNIST,SMLLAE,1,2,0.001,64,0.013591269830436403
MNIST,SMLLAE,1,3,0.001,64,0.013448886207934382
MNIST,SMLLAE,1,4,0.001,64,0.01341128998350646
MNIST,SMLLAE,1,Test,0.001,64,0.0132769577940748
MNIST,SMLLAE,1,0,0.01,128,0.007206655884864552
MNIST,SMLLAE,1,1,0.01,128,0.006740905529162141
MNIST,SMLLAE,1,2,0.01,128,0.006678439953775484
MNIST,SMLLAE,1,3,0.01,128,0.006666744267865857
MNIST,SMLLAE,1,4,0.01,128,0.006663902720281565
MNIST,SMLLAE,1,Test,0.01,128,0.00662361492131707
MNIST,SMLLAE,1,0,0.001,128,0.0075174807868739054
MNIST,SMLLAE,1,1,0.001,128,0.007156756362998918
MNIST,SMLLAE,1,2,0.001,128,0.00695778059163518
MNIST,SMLLAE,1,3,0.001,128,0.006794732149396496
MNIST,SMLLAE,1,4,0.001,128,0.006727197299848424
MNIST,SMLLAE,1,Test,0.001,128,0.006661629805317785
MNIST,SMLLAE,1,0,0.01,64,0.014295315334219922
MNIST,SMLLAE,1,1,0.01,64,0.013471051630601763
MNIST,SMLLAE,1,2,0.01,64,0.013367264171136912
MNIST,SMLLAE,1,3,0.01,64,0.013359573416546908
MNIST,SMLLAE,1,4,0.01,64,0.013356479577847254
MNIST,SMLLAE,1,5,0.01,64,0.013354577317730642
MNIST,SMLLAE,1,6,0.01,64,0.013352483498063613
MNIST,SMLLAE,1,7,0.01,64,0.013352116015848957
MNIST,SMLLAE,1,8,0.01,64,0.013350433592539606
MNIST,SMLLAE,1,9,0.01,64,0.013350523095816247
MNIST,SMLLAE,1,10,0.01,64,0.013350381573507273
MNIST,SMLLAE,1,11,0.01,64,0.013349361754437563
MNIST,SMLLAE,1,12,0.01,64,0.013349665469849415
MNIST,SMLLAE,1,13,0.01,64,0.013348993801597212
MNIST,SMLLAE,1,14,0.01,64,0.013348955340357795
MNIST,SMLLAE,1,15,0.01,64,0.013348804694463385
MNIST,SMLLAE,1,16,0.01,64,0.013348703281576635
MNIST,SMLLAE,1,17,0.01,64,0.013348993894928045
MNIST,SMLLAE,1,18,0.01,64,0.013348530572868868
MNIST,SMLLAE,1,19,0.01,64,0.013348609404658268
MNIST,SMLLAE,1,Test,0.01,64,0.013305659779602555
MNIST,SMLLAE,1,0,0.001,64,0.014714868470176515
MNIST,SMLLAE,1,1,0.001,64,0.013862573777013687
MNIST,SMLLAE,1,2,0.001,64,0.013591269830436403
MNIST,SMLLAE,1,3,0.001,64,0.013448886207934382
MNIST,SMLLAE,1,4,0.001,64,0.01341128998350646
MNIST,SMLLAE,1,5,0.001,64,0.013342276840075565
MNIST,SMLLAE,1,6,0.001,64,0.013316514916710064
MNIST,SMLLAE,1,7,0.001,64,0.013298678838375853
MNIST,SMLLAE,1,8,0.001,64,0.013286737531526828
MNIST,SMLLAE,1,9,0.001,64,0.013279915253109516
MNIST,SMLLAE,1,10,0.001,64,0.013275611962972165
MNIST,SMLLAE,1,11,0.001,64,0.013272152533496557
MNIST,SMLLAE,1,12,0.001,64,0.013268915772525423
MNIST,SMLLAE,1,13,0.001,64,0.013266763730304264
MNIST,SMLLAE,1,14,0.001,64,0.01326453560061737
MNIST,SMLLAE,1,15,0.001,64,0.01326295839888709
MNIST,SMLLAE,1,16,0.001,64,0.01326135498012847
MNIST,SMLLAE,1,17,0.001,64,0.013260079356136798
MNIST,SMLLAE,1,18,0.001,64,0.013259006051549208
MNIST,SMLLAE,1,19,0.001,64,0.01325799803783708
MNIST,SMLLAE,1,Test,0.001,64,0.013396362163079012
MNIST,SMLLAE,1,0,0.01,128,0.007206655884864552
MNIST,SMLLAE,1,1,0.01,128,0.006740905529162141
MNIST,SMLLAE,1,2,0.01,128,0.006678439953775484
MNIST,SMLLAE,1,3,0.01,128,0.006666744267865857
MNIST,SMLLAE,1,4,0.01,128,0.006663902720281565
MNIST,SMLLAE,1,5,0.01,128,0.006662460369691411
MNIST,SMLLAE,1,6,0.01,128,0.006661857978732728
MNIST,SMLLAE,1,7,0.01,128,0.006661565399476523
MNIST,SMLLAE,1,8,0.01,128,0.00666085856635052
MNIST,SMLLAE,1,9,0.01,128,0.006660559983141641
MNIST,SMLLAE,1,10,0.01,128,0.006660111014173229
MNIST,SMLLAE,1,11,0.01,128,0.00666015369813643
MNIST,SMLLAE,1,12,0.01,128,0.006659462181195966
MNIST,SMLLAE,1,13,0.01,128,0.0066595402782532705
MNIST,SMLLAE,1,14,0.01,128,0.006658761970587631
MNIST,SMLLAE,1,15,0.01,128,0.006659068954564425
MNIST,SMLLAE,1,16,0.01,128,0.006658729261109061
MNIST,SMLLAE,1,17,0.01,128,0.0066590185032915205
MNIST,SMLLAE,1,18,0.01,128,0.006659006292838405
MNIST,SMLLAE,1,19,0.01,128,0.006658656175123222
MNIST,SMLLAE,1,Test,0.01,128,0.006613515830256894
MNIST,SMLLAE,1,0,0.001,128,0.0075174807868739054
MNIST,SMLLAE,1,1,0.001,128,0.007156756362998918
MNIST,SMLLAE,1,2,0.001,128,0.00695778059163518
MNIST,SMLLAE,1,3,0.001,128,0.006794732149396496
MNIST,SMLLAE,1,4,0.001,128,0.006727197299848424
MNIST,SMLLAE,1,5,0.001,128,0.006702699803753194
MNIST,SMLLAE,1,6,0.001,128,0.006687859197391439
MNIST,SMLLAE,1,7,0.001,128,0.006676424041525451
MNIST,SMLLAE,1,8,0.001,128,0.006666805067939608
MNIST,SMLLAE,1,9,0.001,128,0.006660216665669863
MNIST,SMLLAE,1,10,0.001,128,0.006654769420496691
MNIST,SMLLAE,1,11,0.001,128,0.006648996162778343
MNIST,SMLLAE,1,12,0.001,128,0.0066440402448717465
MNIST,SMLLAE,1,13,0.001,128,0.006640320918810711
MNIST,SMLLAE,1,14,0.001,128,0.006638182557499739
MNIST,SMLLAE,1,15,0.001,128,0.006636505173062529
MNIST,SMLLAE,1,16,0.001,128,0.006635390896238943
MNIST,SMLLAE,1,17,0.001,128,0.006634376413905735
MNIST,SMLLAE,1,18,0.001,128,0.006633489532694062
MNIST,SMLLAE,1,19,0.001,128,0.006632694731285768
MNIST,SMLLAE,1,Test,0.001,128,0.00659827826709687
MNIST,SMLLAE,2,0,0.01,64,0.013923359738944817
MNIST,SMLLAE,2,1,0.01,64,0.013381644184869935
MNIST,SMLLAE,2,2,0.01,64,0.013359250480940601
MNIST,SMLLAE,2,3,0.01,64,0.013351790211808833
MNIST,SMLLAE,2,4,0.01,64,0.013350434403723554
MNIST,SMLLAE,2,Test,0.01,64,0.013265657885249253
MNIST,SMLLAE,2,0,0.001,64,0.014521742497743574
MNIST,SMLLAE,2,1,0.001,64,0.013553963543207788
MNIST,SMLLAE,2,2,0.001,64,0.013429796106732094
MNIST,SMLLAE,2,3,0.001,64,0.013376718257933157
MNIST,SMLLAE,2,4,0.001,64,0.01334023198434539
MNIST,SMLLAE,2,Test,0.001,64,0.01323557588135361
MNIST,SMLLAE,2,0,0.01,128,0.007128109783132765
MNIST,SMLLAE,2,1,0.01,128,0.006743482846234526
MNIST,SMLLAE,2,2,0.01,128,0.0066839733472796896
MNIST,SMLLAE,2,3,0.01,128,0.006668673577045263
MNIST,SMLLAE,2,4,0.01,128,0.0066651310731988475
MNIST,SMLLAE,2,Test,0.01,128,0.006654691805803701
MNIST,SMLLAE,2,0,0.001,128,0.007528818107204143
MNIST,SMLLAE,2,1,0.001,128,0.006906906490339272
MNIST,SMLLAE,2,2,0.001,128,0.006798897343657927
MNIST,SMLLAE,2,3,0.001,128,0.006770161533557467
MNIST,SMLLAE,2,4,0.001,128,0.00673644801280074
MNIST,SMLLAE,2,Test,0.001,128,0.006681080270982995
MNIST,SMLLAE,2,0,0.01,64,0.013923359738944817
MNIST,SMLLAE,2,1,0.01,64,0.013381644184869935
MNIST,SMLLAE,2,2,0.01,64,0.013359250480940601
MNIST,SMLLAE,2,3,0.01,64,0.013351790211808833
MNIST,SMLLAE,2,4,0.01,64,0.013350434403723554
MNIST,SMLLAE,2,5,0.01,64,0.01334933557613159
MNIST,SMLLAE,2,6,0.01,64,0.013348161112834841
MNIST,SMLLAE,2,7,0.01,64,0.013347780301189943
MNIST,SMLLAE,2,8,0.01,64,0.013346511683960968
MNIST,SMLLAE,2,9,0.01,64,0.013346625014400875
MNIST,SMLLAE,2,10,0.01,64,0.013346293730649359
MNIST,SMLLAE,2,11,0.01,64,0.013346044350661702
MNIST,SMLLAE,2,12,0.01,64,0.01334598576570593
MNIST,SMLLAE,2,13,0.01,64,0.013346131669599682
MNIST,SMLLAE,2,14,0.01,64,0.01334526686907323
MNIST,SMLLAE,2,15,0.01,64,0.01334590484886599
MNIST,SMLLAE,2,16,0.01,64,0.013345168951128337
MNIST,SMLLAE,2,17,0.01,64,0.013346027288990996
MNIST,SMLLAE,2,18,0.01,64,0.013344685299826393
MNIST,SMLLAE,2,19,0.01,64,0.01334509044103245
MNIST,SMLLAE,2,Test,0.01,64,0.013265028168821032
MNIST,SMLLAE,2,0,0.001,64,0.014521742497743574
MNIST,SMLLAE,2,1,0.001,64,0.013553963543207788
MNIST,SMLLAE,2,2,0.001,64,0.013429796106732094
MNIST,SMLLAE,2,3,0.001,64,0.013376718257933157
MNIST,SMLLAE,2,4,0.001,64,0.01334023198434539
MNIST,SMLLAE,2,5,0.001,64,0.013322263793237428
MNIST,SMLLAE,2,6,0.001,64,0.013313832766275163
MNIST,SMLLAE,2,7,0.001,64,0.013307635209707817
MNIST,SMLLAE,2,8,0.001,64,0.013301979553804341
MNIST,SMLLAE,2,9,0.001,64,0.013295987678536856
MNIST,SMLLAE,2,10,0.001,64,0.013287452873644799
MNIST,SMLLAE,2,11,0.001,64,0.013277230792240038
MNIST,SMLLAE,2,12,0.001,64,0.013271699511587048
MNIST,SMLLAE,2,13,0.001,64,0.013267663130755109
MNIST,SMLLAE,2,14,0.001,64,0.01326467340160757
MNIST,SMLLAE,2,15,0.001,64,0.013262714680308091
MNIST,SMLLAE,2,16,0.001,64,0.013261037379272901
MNIST,SMLLAE,2,17,0.001,64,0.013259395928199549
MNIST,SMLLAE,2,18,0.001,64,0.013258469204650696
MNIST,SMLLAE,2,19,0.001,64,0.013257474127187849
MNIST,SMLLAE,2,Test,0.001,64,0.013180933204615951
MNIST,SMLLAE,2,0,0.01,128,0.007128109783132765
MNIST,SMLLAE,2,1,0.01,128,0.006743482846234526
MNIST,SMLLAE,2,2,0.01,128,0.0066839733472796896
MNIST,SMLLAE,2,3,0.01,128,0.006668673577045263
MNIST,SMLLAE,2,4,0.01,128,0.0066651310731988475
MNIST,SMLLAE,2,5,0.01,128,0.006663801486113432
MNIST,SMLLAE,2,6,0.01,128,0.006662922117040991
MNIST,SMLLAE,2,7,0.01,128,0.006662284672411202
MNIST,SMLLAE,2,8,0.01,128,0.00666121681576281
MNIST,SMLLAE,2,9,0.01,128,0.0066596827487638
MNIST,SMLLAE,2,10,0.01,128,0.00665938122662654
MNIST,SMLLAE,2,11,0.01,128,0.006658686064819156
MNIST,SMLLAE,2,12,0.01,128,0.0066587284112027455
MNIST,SMLLAE,2,13,0.01,128,0.0066583433400974595
MNIST,SMLLAE,2,14,0.01,128,0.006658484945808456
MNIST,SMLLAE,2,15,0.01,128,0.006658219356042172
MNIST,SMLLAE,2,16,0.01,128,0.006657715798464856
MNIST,SMLLAE,2,17,0.01,128,0.006657630169410695
MNIST,SMLLAE,2,18,0.01,128,0.006657816912494362
MNIST,SMLLAE,2,19,0.01,128,0.006657459929998495
MNIST,SMLLAE,2,Test,0.01,128,0.006630166710790576
MNIST,SMLLAE,2,0,0.001,128,0.007528818107204143
MNIST,SMLLAE,2,1,0.001,128,0.006906906490339272
MNIST,SMLLAE,2,2,0.001,128,0.006798897343657927
MNIST,SMLLAE,2,3,0.001,128,0.006770161533557467
MNIST,SMLLAE,2,4,0.001,128,0.00673644801280074
MNIST,SMLLAE,2,5,0.001,128,0.0067150550139849505
MNIST,SMLLAE,2,6,0.001,128,0.006693414285350074
MNIST,SMLLAE,2,7,0.001,128,0.006677281029069665
MNIST,SMLLAE,2,8,0.001,128,0.006666139078967925
MNIST,SMLLAE,2,9,0.001,128,0.006658859145857378
MNIST,SMLLAE,2,10,0.001,128,0.0066541385874628765
MNIST,SMLLAE,2,11,0.001,128,0.006651105066296706
MNIST,SMLLAE,2,12,0.001,128,0.006649100542394147
MNIST,SMLLAE,2,13,0.001,128,0.006647030636271053
MNIST,SMLLAE,2,14,0.001,128,0.006645378817532108
MNIST,SMLLAE,2,15,0.001,128,0.00664373867606907
MNIST,SMLLAE,2,16,0.001,128,0.006642258082673366
MNIST,SMLLAE,2,17,0.001,128,0.006640390551555703
MNIST,SMLLAE,2,18,0.001,128,0.006638058812728823
MNIST,SMLLAE,2,19,0.001,128,0.006635222079625516
MNIST,SMLLAE,2,Test,0.001,128,0.0065963517556179175
MNIST,SMLLAE,3,0,0.01,64,0.01404481735636494
MNIST,SMLLAE,3,1,0.01,64,0.013386585297924814
MNIST,SMLLAE,3,2,0.01,64,0.01336554453662559
MNIST,SMLLAE,3,3,0.01,64,0.013358125252637274
MNIST,SMLLAE,3,4,0.01,64,0.013355930065756033
MNIST,SMLLAE,3,Test,0.01,64,0.013258050706024004
MNIST,SMLLAE,3,0,0.001,64,0.014717728616411624
MNIST,SMLLAE,3,1,0.001,64,0.013693687724453936
MNIST,SMLLAE,3,2,0.001,64,0.013446104550944653
MNIST,SMLLAE,3,3,0.001,64,0.01338917277018621
MNIST,SMLLAE,3,4,0.001,64,0.01336253014232304
MNIST,SMLLAE,3,Test,0.001,64,0.01326027950331284
MNIST,SMLLAE,3,0,0.01,128,0.007266542625063454
MNIST,SMLLAE,3,1,0.01,128,0.00678092165431107
MNIST,SMLLAE,3,2,0.01,128,0.0066915021718803374
MNIST,SMLLAE,3,3,0.01,128,0.006670213722463038
MNIST,SMLLAE,3,4,0.01,128,0.006663954504993933
MNIST,SMLLAE,3,Test,0.01,128,0.006618619277554599
MNIST,SMLLAE,3,0,0.001,128,0.007526669676091943
MNIST,SMLLAE,3,1,0.001,128,0.007129180543958696
MNIST,SMLLAE,3,2,0.001,128,0.006862399920916506
MNIST,SMLLAE,3,3,0.001,128,0.006765948293774303
MNIST,SMLLAE,3,4,0.001,128,0.006721909473668029
MNIST,SMLLAE,3,Test,0.001,128,0.006657713352219213
MNIST,SMLLAE,3,0,0.01,64,0.01404481735636494
MNIST,SMLLAE,3,1,0.01,64,0.013386585297924814
MNIST,SMLLAE,3,2,0.01,64,0.01336554453662559
MNIST,SMLLAE,3,3,0.01,64,0.013358125252637274
MNIST,SMLLAE,3,4,0.01,64,0.013355930065756033
MNIST,SMLLAE,3,5,0.01,64,0.01335246759607816
MNIST,SMLLAE,3,6,0.01,64,0.013351549766759183
MNIST,SMLLAE,3,7,0.01,64,0.013349086546631002
MNIST,SMLLAE,3,8,0.01,64,0.013348809674755532
MNIST,SMLLAE,3,9,0.01,64,0.013348076793390996
MNIST,SMLLAE,3,10,0.01,64,0.013348405753800483
MNIST,SMLLAE,3,11,0.01,64,0.013346798084517405
MNIST,SMLLAE,3,12,0.01,64,0.013348165712853485
MNIST,SMLLAE,3,13,0.01,64,0.013347077238033894
MNIST,SMLLAE,3,14,0.01,64,0.01334680377769826
MNIST,SMLLAE,3,15,0.01,64,0.01334695657417337
MNIST,SMLLAE,3,16,0.01,64,0.013347325587410853
MNIST,SMLLAE,3,17,0.01,64,0.013346698397258197
MNIST,SMLLAE,3,18,0.01,64,0.013345961348771224
MNIST,SMLLAE,3,19,0.01,64,0.013346699863743743
MNIST,SMLLAE,3,Test,0.01,64,0.013262179715760575
MNIST,SMLLAE,3,0,0.001,64,0.014717728616411624
MNIST,SMLLAE,3,1,0.001,64,0.013693687724453936
MNIST,SMLLAE,3,2,0.001,64,0.013446104550944653
MNIST,SMLLAE,3,3,0.001,64,0.01338917277018621
MNIST,SMLLAE,3,4,0.001,64,0.01336253014232304
MNIST,SMLLAE,3,5,0.001,64,0.013338830075792667
MNIST,SMLLAE,3,6,0.001,64,0.013317811025826852
MNIST,SMLLAE,3,7,0.001,64,0.013303299055202429
MNIST,SMLLAE,3,8,0.001,64,0.013295027448225822
MNIST,SMLLAE,3,9,0.001,64,0.013289963825544251
MNIST,SMLLAE,3,10,0.001,64,0.01328585505374332
MNIST,SMLLAE,3,11,0.001,64,0.013283440031047696
MNIST,SMLLAE,3,12,0.001,64,0.013280467773630802
MNIST,SMLLAE,3,13,0.001,64,0.013278485045456557
MNIST,SMLLAE,3,14,0.001,64,0.01327643823573616
MNIST,SMLLAE,3,15,0.001,64,0.013274768614637127
MNIST,SMLLAE,3,16,0.001,64,0.013273410202224434
MNIST,SMLLAE,3,17,0.001,64,0.0132722855924861
MNIST,SMLLAE,3,18,0.001,64,0.013271902562744582
MNIST,SMLLAE,3,19,0.001,64,0.013270798676422856
MNIST,SMLLAE,3,Test,0.001,64,0.013220997272166097
MNIST,SMLLAE,3,0,0.01,128,0.007266542625063454
MNIST,SMLLAE,3,1,0.01,128,0.00678092165431107
MNIST,SMLLAE,3,2,0.01,128,0.0066915021718803374
MNIST,SMLLAE,3,3,0.01,128,0.006670213722463038
MNIST,SMLLAE,3,4,0.01,128,0.006663954504993933
MNIST,SMLLAE,3,5,0.01,128,0.0066620229250952
MNIST,SMLLAE,3,6,0.01,128,0.006660168655891853
MNIST,SMLLAE,3,7,0.01,128,0.006659526169411282
MNIST,SMLLAE,3,8,0.01,128,0.006658213584423701
MNIST,SMLLAE,3,9,0.01,128,0.006658056228638076
MNIST,SMLLAE,3,10,0.01,128,0.006657559313436053
MNIST,SMLLAE,3,11,0.01,128,0.006657184879067165
MNIST,SMLLAE,3,12,0.01,128,0.006657074604715619
MNIST,SMLLAE,3,13,0.01,128,0.006657127360465811
MNIST,SMLLAE,3,14,0.01,128,0.006656887963898718
MNIST,SMLLAE,3,15,0.01,128,0.006656191014905157
MNIST,SMLLAE,3,16,0.01,128,0.006656318711343287
MNIST,SMLLAE,3,17,0.01,128,0.006656195100611334
MNIST,SMLLAE,3,18,0.01,128,0.006655850640333283
MNIST,SMLLAE,3,19,0.01,128,0.006656040184334842
MNIST,SMLLAE,3,Test,0.01,128,0.006614444806841733
MNIST,SMLLAE,3,0,0.001,128,0.007526669676091943
MNIST,SMLLAE,3,1,0.001,128,0.007129180543958696
MNIST,SMLLAE,3,2,0.001,128,0.006862399920916506
MNIST,SMLLAE,3,3,0.001,128,0.006765948293774303
MNIST,SMLLAE,3,4,0.001,128,0.006721909473668029
MNIST,SMLLAE,3,5,0.001,128,0.006699072000489179
MNIST,SMLLAE,3,6,0.001,128,0.006684755486473918
MNIST,SMLLAE,3,7,0.001,128,0.006674145271918222
MNIST,SMLLAE,3,8,0.001,128,0.006666190188521071
MNIST,SMLLAE,3,9,0.001,128,0.006659881065863727
MNIST,SMLLAE,3,10,0.001,128,0.006655336162055543
MNIST,SMLLAE,3,11,0.001,128,0.006650205354081161
MNIST,SMLLAE,3,12,0.001,128,0.006644472882930023
MNIST,SMLLAE,3,13,0.001,128,0.0066401227973083825
MNIST,SMLLAE,3,14,0.001,128,0.006637251109822091
MNIST,SMLLAE,3,15,0.001,128,0.006635074969381094
MNIST,SMLLAE,3,16,0.001,128,0.006633695720363337
MNIST,SMLLAE,3,17,0.001,128,0.006632505035373384
MNIST,SMLLAE,3,18,0.001,128,0.006631365000232577
MNIST,SMLLAE,3,19,0.001,128,0.006630595536159872
MNIST,SMLLAE,3,Test,0.001,128,0.006618104639309871
MNIST,SMLLAE,4,0,0.01,64,0.01391412727217049
MNIST,SMLLAE,4,1,0.01,64,0.013436063997018566
MNIST,SMLLAE,4,2,0.01,64,0.013376562770749969
MNIST,SMLLAE,4,3,0.01,64,0.013366346217707785
MNIST,SMLLAE,4,4,0.01,64,0.013361999714401548
MNIST,SMLLAE,4,Test,0.01,64,0.013277486209894062
MNIST,SMLLAE,4,0,0.001,64,0.014377051853199504
MNIST,SMLLAE,4,1,0.001,64,0.013512781122202938
MNIST,SMLLAE,4,2,0.001,64,0.013400144494776087
MNIST,SMLLAE,4,3,0.001,64,0.013349439117755654
MNIST,SMLLAE,4,4,0.001,64,0.013319728205969402
MNIST,SMLLAE,4,Test,0.001,64,0.013226803712499369
MNIST,SMLLAE,4,0,0.01,128,0.007190725767115222
MNIST,SMLLAE,4,1,0.01,128,0.00675023056125876
MNIST,SMLLAE,4,2,0.01,128,0.0066801606357764845
MNIST,SMLLAE,4,3,0.01,128,0.00666625525500538
MNIST,SMLLAE,4,4,0.01,128,0.006662661204738086
MNIST,SMLLAE,4,Test,0.01,128,0.0066213580614686764
MNIST,SMLLAE,4,0,0.001,128,0.00748489843979319
MNIST,SMLLAE,4,1,0.001,128,0.006885871741928653
MNIST,SMLLAE,4,2,0.001,128,0.0067617408891540096
MNIST,SMLLAE,4,3,0.001,128,0.006719181147306713
MNIST,SMLLAE,4,4,0.001,128,0.006695649964905687
MNIST,SMLLAE,4,Test,0.001,128,0.006637160047370044
MNIST,SMLLAE,4,0,0.01,64,0.01391412727217049
MNIST,SMLLAE,4,1,0.01,64,0.013436063997018566
MNIST,SMLLAE,4,2,0.01,64,0.013376562770749969
MNIST,SMLLAE,4,3,0.01,64,0.013366346217707785
MNIST,SMLLAE,4,4,0.01,64,0.013361999714401548
MNIST,SMLLAE,4,5,0.01,64,0.013359892700336128
MNIST,SMLLAE,4,6,0.01,64,0.013357244081485437
MNIST,SMLLAE,4,7,0.01,64,0.013357081209251812
MNIST,SMLLAE,4,8,0.01,64,0.013356173400090002
MNIST,SMLLAE,4,9,0.01,64,0.013355251994412908
MNIST,SMLLAE,4,10,0.01,64,0.013355406436092182
MNIST,SMLLAE,4,11,0.01,64,0.01335399281352695
MNIST,SMLLAE,4,12,0.01,64,0.013353991917948097
MNIST,SMLLAE,4,13,0.01,64,0.013352991948559531
MNIST,SMLLAE,4,14,0.01,64,0.013354125171542358
MNIST,SMLLAE,4,15,0.01,64,0.013353716880917105
MNIST,SMLLAE,4,16,0.01,64,0.013353280273319753
MNIST,SMLLAE,4,17,0.01,64,0.013352879655680485
MNIST,SMLLAE,4,18,0.01,64,0.013352661207914035
MNIST,SMLLAE,4,19,0.01,64,0.013352749380729854
MNIST,SMLLAE,4,Test,0.01,64,0.013267233131370347
MNIST,SMLLAE,4,0,0.001,64,0.014377051853199504
MNIST,SMLLAE,4,1,0.001,64,0.013512781122202938
MNIST,SMLLAE,4,2,0.001,64,0.013400144494776087
MNIST,SMLLAE,4,3,0.001,64,0.013349439117755654
MNIST,SMLLAE,4,4,0.001,64,0.013319728205969402
MNIST,SMLLAE,4,5,0.001,64,0.013296603543886435
MNIST,SMLLAE,4,6,0.001,64,0.01327786815644645
MNIST,SMLLAE,4,7,0.001,64,0.013271228816392007
MNIST,SMLLAE,4,8,0.001,64,0.013267569254829623
MNIST,SMLLAE,4,9,0.001,64,0.013264783328450692
MNIST,SMLLAE,4,10,0.001,64,0.013262489758956152
MNIST,SMLLAE,4,11,0.001,64,0.013260561130893255
MNIST,SMLLAE,4,12,0.001,64,0.013259280635826369
MNIST,SMLLAE,4,13,0.001,64,0.013258199093303382
MNIST,SMLLAE,4,14,0.001,64,0.013257411103060187
MNIST,SMLLAE,4,15,0.001,64,0.013256430862221256
MNIST,SMLLAE,4,16,0.001,64,0.013255760821301355
MNIST,SMLLAE,4,17,0.001,64,0.013255234963612071
MNIST,SMLLAE,4,18,0.001,64,0.013254468749239565
MNIST,SMLLAE,4,19,0.001,64,0.013254054552956876
MNIST,SMLLAE,4,Test,0.001,64,0.013184566406687354
MNIST,SMLLAE,4,0,0.01,128,0.007190725767115222
MNIST,SMLLAE,4,1,0.01,128,0.00675023056125876
MNIST,SMLLAE,4,2,0.01,128,0.0066801606357764845
MNIST,SMLLAE,4,3,0.01,128,0.00666625525500538
MNIST,SMLLAE,4,4,0.01,128,0.006662661204738086
MNIST,SMLLAE,4,5,0.01,128,0.006661542431155501
MNIST,SMLLAE,4,6,0.01,128,0.006660503873438723
MNIST,SMLLAE,4,7,0.01,128,0.006660562769166315
MNIST,SMLLAE,4,8,0.01,128,0.006659372222186851
MNIST,SMLLAE,4,9,0.01,128,0.006659471866752166
MNIST,SMLLAE,4,10,0.01,128,0.006659363882977571
MNIST,SMLLAE,4,11,0.01,128,0.0066592071973867635
MNIST,SMLLAE,4,12,0.01,128,0.006658721755919998
MNIST,SMLLAE,4,13,0.01,128,0.00665832741626862
MNIST,SMLLAE,4,14,0.01,128,0.0066580660601478145
MNIST,SMLLAE,4,15,0.01,128,0.006657962593982723
MNIST,SMLLAE,4,16,0.01,128,0.0066575314303530435
MNIST,SMLLAE,4,17,0.01,128,0.006657498168832521
MNIST,SMLLAE,4,18,0.01,128,0.006657537798693122
MNIST,SMLLAE,4,19,0.01,128,0.006657189377811926
MNIST,SMLLAE,4,Test,0.01,128,0.006616775005395654
MNIST,SMLLAE,4,0,0.001,128,0.00748489843979319
MNIST,SMLLAE,4,1,0.001,128,0.006885871741928653
MNIST,SMLLAE,4,2,0.001,128,0.0067617408891540096
MNIST,SMLLAE,4,3,0.001,128,0.006719181147306713
MNIST,SMLLAE,4,4,0.001,128,0.006695649964905687
MNIST,SMLLAE,4,5,0.001,128,0.006681848885312772
MNIST,SMLLAE,4,6,0.001,128,0.006672086936832745
MNIST,SMLLAE,4,7,0.001,128,0.006663112913065755
MNIST,SMLLAE,4,8,0.001,128,0.006654698399703767
MNIST,SMLLAE,4,9,0.001,128,0.006649073192488347
MNIST,SMLLAE,4,10,0.001,128,0.006642439933831313
MNIST,SMLLAE,4,11,0.001,128,0.006637844355351953
MNIST,SMLLAE,4,12,0.001,128,0.006634996804807868
MNIST,SMLLAE,4,13,0.001,128,0.0066331971142846126
MNIST,SMLLAE,4,14,0.001,128,0.0066315725173697925
MNIST,SMLLAE,4,15,0.001,128,0.006630342306771766
MNIST,SMLLAE,4,16,0.001,128,0.006629671446724868
MNIST,SMLLAE,4,17,0.001,128,0.00662895518619178
MNIST,SMLLAE,4,18,0.001,128,0.006628132347803888
MNIST,SMLLAE,4,19,0.001,128,0.006627654186142152
MNIST,SMLLAE,4,Test,0.001,128,0.006588954967741347
MNIST,SMLLAE,3,0,0.01,32,0.027454067893822987
MNIST,SMLLAE,3,Test,0.01,32,0.026663119610125265
MNIST,SMLLAE,3,0,0.001,32,0.028649589363733928
MNIST,SMLLAE,3,Test,0.001,32,0.026922763173524943
MNIST,SMLLAE,3,0,0.0001,32,0.03173647263844808
MNIST,SMLLAE,3,Test,0.0001,32,0.028893934241451393
MNIST,SMLLAE,3,0,0.01,64,0.01404481735636494
MNIST,SMLLAE,3,Test,0.01,64,0.013344581494001067
MNIST,SMLLAE,3,0,0.001,64,0.014717728616411624
MNIST,SMLLAE,3,Test,0.001,64,0.014123531705017681
MNIST,SMLLAE,3,0,0.0001,64,0.01703710093605779
MNIST,SMLLAE,3,Test,0.0001,64,0.014547006191484108
MNIST,SMLLAE,3,0,0.01,128,0.007266542625063454
MNIST,SMLLAE,3,Test,0.01,128,0.006968930039460523
MNIST,SMLLAE,3,0,0.001,128,0.007526669676091943
MNIST,SMLLAE,3,Test,0.001,128,0.007211240739384784
MNIST,SMLLAE,3,0,0.0001,128,0.00950174984126997
MNIST,SMLLAE,3,Test,0.0001,128,0.0076771191722135755
MNIST,SMLLAE,3,0,0.01,32,0.027454067893822987
MNIST,SMLLAE,3,1,0.01,32,0.026831529101729392
MNIST,SMLLAE,3,2,0.01,32,0.026811624216039977
MNIST,SMLLAE,3,3,0.01,32,0.026806506638725597
MNIST,SMLLAE,3,4,0.01,32,0.026803672764698663
MNIST,SMLLAE,3,5,0.01,32,0.026803912051518757
MNIST,SMLLAE,3,6,0.01,32,0.026797309777140618
MNIST,SMLLAE,3,7,0.01,32,0.026796994694073994
MNIST,SMLLAE,3,8,0.01,32,0.026795483962694804
MNIST,SMLLAE,3,9,0.01,32,0.026794185261925063
MNIST,SMLLAE,3,Test,0.01,32,0.02660111831828428
MNIST,SMLLAE,3,0,0.001,32,0.028649589363733928
MNIST,SMLLAE,3,1,0.001,32,0.026906486244996388
MNIST,SMLLAE,3,2,0.001,32,0.026753301899631817
MNIST,SMLLAE,3,3,0.001,32,0.026641209758321443
MNIST,SMLLAE,3,4,0.001,32,0.026585692855715753
MNIST,SMLLAE,3,5,0.001,32,0.026567875307798385
MNIST,SMLLAE,3,6,0.001,32,0.026551405408978462
MNIST,SMLLAE,3,7,0.001,32,0.02654039367934068
MNIST,SMLLAE,3,8,0.001,32,0.02653295478026072
MNIST,SMLLAE,3,9,0.001,32,0.026528906763593357
MNIST,SMLLAE,3,Test,0.001,32,0.02637776609855338
MNIST,SMLLAE,3,0,0.0001,32,0.03173647263844808
MNIST,SMLLAE,3,1,0.0001,32,0.02886401378015677
MNIST,SMLLAE,3,2,0.0001,32,0.028587549089392025
MNIST,SMLLAE,3,3,0.0001,32,0.027565429803729058
MNIST,SMLLAE,3,4,0.0001,32,0.027165669505794843
MNIST,SMLLAE,3,5,0.0001,32,0.02697430467903614
MNIST,SMLLAE,3,6,0.0001,32,0.026871254283189774
MNIST,SMLLAE,3,7,0.0001,32,0.026795387203494708
MNIST,SMLLAE,3,8,0.0001,32,0.026741917686661086
MNIST,SMLLAE,3,9,0.0001,32,0.026709992335240046
MNIST,SMLLAE,3,Test,0.0001,32,0.026490686473231346
MNIST,SMLLAE,3,0,0.01,64,0.01404481735636494
MNIST,SMLLAE,3,1,0.01,64,0.013386585297924814
MNIST,SMLLAE,3,2,0.01,64,0.01336554453662559
MNIST,SMLLAE,3,3,0.01,64,0.013358125252637274
MNIST,SMLLAE,3,4,0.01,64,0.013355930065756033
MNIST,SMLLAE,3,5,0.01,64,0.01335246759607816
MNIST,SMLLAE,3,6,0.01,64,0.013351549766759183
MNIST,SMLLAE,3,7,0.01,64,0.013349086546631002
MNIST,SMLLAE,3,8,0.01,64,0.013348809674755532
MNIST,SMLLAE,3,9,0.01,64,0.013348076793390996
MNIST,SMLLAE,3,Test,0.01,64,0.013257391602512757
MNIST,SMLLAE,3,0,0.001,64,0.014717728616411624
MNIST,SMLLAE,3,1,0.001,64,0.013693687724453936
MNIST,SMLLAE,3,2,0.001,64,0.013446104550944653
MNIST,SMLLAE,3,3,0.001,64,0.01338917277018621
MNIST,SMLLAE,3,4,0.001,64,0.01336253014232304
MNIST,SMLLAE,3,5,0.001,64,0.013338830075792667
MNIST,SMLLAE,3,6,0.001,64,0.013317811025826852
MNIST,SMLLAE,3,7,0.001,64,0.013303299055202429
MNIST,SMLLAE,3,8,0.001,64,0.013295027448225822
MNIST,SMLLAE,3,9,0.001,64,0.013289963825544251
MNIST,SMLLAE,3,Test,0.001,64,0.013218538194989703
MNIST,SMLLAE,3,0,0.0001,64,0.01703710093605779
MNIST,SMLLAE,3,1,0.0001,64,0.01449135983529598
MNIST,SMLLAE,3,2,0.0001,64,0.014445639359377531
MNIST,SMLLAE,3,3,0.0001,64,0.014414341943556947
MNIST,SMLLAE,3,4,0.0001,64,0.014290309015677365
MNIST,SMLLAE,3,5,0.0001,64,0.01393809658326288
MNIST,SMLLAE,3,6,0.0001,64,0.01374096487031213
MNIST,SMLLAE,3,7,0.0001,64,0.013627873918315622
MNIST,SMLLAE,3,8,0.0001,64,0.013548263607781007
MNIST,SMLLAE,3,9,0.0001,64,0.01349251566113217
MNIST,SMLLAE,3,Test,0.0001,64,0.013361595315965497
MNIST,SMLLAE,3,0,0.01,128,0.007266542625063454
MNIST,SMLLAE,3,1,0.01,128,0.00678092165431107
MNIST,SMLLAE,3,2,0.01,128,0.0066915021718803374
MNIST,SMLLAE,3,3,0.01,128,0.006670213722463038
MNIST,SMLLAE,3,4,0.01,128,0.006663954504993933
MNIST,SMLLAE,3,5,0.01,128,0.0066620229250952
MNIST,SMLLAE,3,6,0.01,128,0.006660168655891853
MNIST,SMLLAE,3,7,0.01,128,0.006659526169411282
MNIST,SMLLAE,3,8,0.01,128,0.006658213584423701
MNIST,SMLLAE,3,9,0.01,128,0.006658056228638076
MNIST,SMLLAE,3,Test,0.01,128,0.006617597817101434
MNIST,SMLLAE,3,0,0.001,128,0.007526669676091943
MNIST,SMLLAE,3,1,0.001,128,0.007129180543958696
MNIST,SMLLAE,3,2,0.001,128,0.006862399920916506
MNIST,SMLLAE,3,3,0.001,128,0.006765948293774303
MNIST,SMLLAE,3,4,0.001,128,0.006721909473668029
MNIST,SMLLAE,3,5,0.001,128,0.006699072000489179
MNIST,SMLLAE,3,6,0.001,128,0.006684755486473918
MNIST,SMLLAE,3,7,0.001,128,0.006674145271918222
MNIST,SMLLAE,3,8,0.001,128,0.006666190188521071
MNIST,SMLLAE,3,9,0.001,128,0.006659881065863727
MNIST,SMLLAE,3,Test,0.001,128,0.006614525159938803
MNIST,SMLLAE,3,0,0.0001,128,0.00950174984126997
MNIST,SMLLAE,3,1,0.0001,128,0.007386878294659767
MNIST,SMLLAE,3,2,0.0001,128,0.007251438246900911
MNIST,SMLLAE,3,3,0.0001,128,0.00723170671564366
MNIST,SMLLAE,3,4,0.0001,128,0.007222511460071307
MNIST,SMLLAE,3,5,0.0001,128,0.007213867470018391
MNIST,SMLLAE,3,6,0.0001,128,0.007201985078754583
MNIST,SMLLAE,3,7,0.0001,128,0.0071807878910065456
MNIST,SMLLAE,3,8,0.0001,128,0.0071292876669052825
MNIST,SMLLAE,3,9,0.0001,128,0.007031703357900511
MNIST,SMLLAE,3,Test,0.0001,128,0.006947215599349782
MNIST,SMLLAE,4,0,0.01,32,0.027467248126864432
MNIST,SMLLAE,4,Test,0.01,32,0.026677239567231826
MNIST,SMLLAE,4,0,0.001,32,0.027989606668551763
MNIST,SMLLAE,4,Test,0.001,32,0.026736941010045548
MNIST,SMLLAE,4,0,0.0001,32,0.03149251182675362
MNIST,SMLLAE,4,Test,0.0001,32,0.02869484414117405
MNIST,SMLLAE,4,0,0.01,64,0.01391412727217049
MNIST,SMLLAE,4,Test,0.01,64,0.013436886232797127
MNIST,SMLLAE,4,0,0.001,64,0.014377051853199504
MNIST,SMLLAE,4,Test,0.001,64,0.013523386233741311
MNIST,SMLLAE,4,0,0.0001,64,0.01683956883482333
MNIST,SMLLAE,4,Test,0.0001,64,0.014499837247903938
MNIST,SMLLAE,4,0,0.01,128,0.007190725767115222
MNIST,SMLLAE,4,Test,0.01,128,0.006779278487061398
MNIST,SMLLAE,4,0,0.001,128,0.00748489843979319
MNIST,SMLLAE,4,Test,0.001,128,0.007025492513151486
MNIST,SMLLAE,4,0,0.0001,128,0.009374442009894705
MNIST,SMLLAE,4,Test,0.0001,128,0.007497817272013879
MNIST,SMLLAE,4,0,0.01,32,0.027467248126864432
MNIST,SMLLAE,4,1,0.01,32,0.02684157291750113
MNIST,SMLLAE,4,2,0.01,32,0.026813610881567
MNIST,SMLLAE,4,3,0.01,32,0.026807075793544452
MNIST,SMLLAE,4,4,0.01,32,0.026806024954716366
MNIST,SMLLAE,4,5,0.01,32,0.02680357968211174
MNIST,SMLLAE,4,6,0.01,32,0.02680332838992278
MNIST,SMLLAE,4,7,0.01,32,0.02680427881081899
MNIST,SMLLAE,4,8,0.01,32,0.026805119377374648
MNIST,SMLLAE,4,9,0.01,32,0.02680271965165933
MNIST,SMLLAE,4,Test,0.01,32,0.02663150910561839
MNIST,SMLLAE,4,0,0.001,32,0.027989606668551763
MNIST,SMLLAE,4,1,0.001,32,0.026807100077470145
MNIST,SMLLAE,4,2,0.001,32,0.026670848566293717
MNIST,SMLLAE,4,3,0.001,32,0.026590073439478876
MNIST,SMLLAE,4,4,0.001,32,0.026566647137204805
MNIST,SMLLAE,4,5,0.001,32,0.026555790369709332
MNIST,SMLLAE,4,6,0.001,32,0.02654871385594209
MNIST,SMLLAE,4,7,0.001,32,0.026543216965595882
MNIST,SMLLAE,4,8,0.001,32,0.02653994532128175
MNIST,SMLLAE,4,9,0.001,32,0.026537012592951457
MNIST,SMLLAE,4,Test,0.001,32,0.026378596130127725
MNIST,SMLLAE,4,0,0.0001,32,0.03149251182675362
MNIST,SMLLAE,4,1,0.0001,32,0.0282554923504591
MNIST,SMLLAE,4,2,0.0001,32,0.02745947249432405
MNIST,SMLLAE,4,3,0.0001,32,0.027162082609534264
MNIST,SMLLAE,4,4,0.0001,32,0.027011254115899403
MNIST,SMLLAE,4,5,0.0001,32,0.02691289305090904
MNIST,SMLLAE,4,6,0.0001,32,0.026840431077281634
MNIST,SMLLAE,4,7,0.0001,32,0.026787269205848376
MNIST,SMLLAE,4,8,0.0001,32,0.026747838108738264
MNIST,SMLLAE,4,9,0.0001,32,0.02671565698583921
MNIST,SMLLAE,4,Test,0.0001,32,0.026504907203606144
MNIST,SMLLAE,4,0,0.01,64,0.01391412727217049
MNIST,SMLLAE,4,1,0.01,64,0.013436063997018566
MNIST,SMLLAE,4,2,0.01,64,0.013376562770749969
MNIST,SMLLAE,4,3,0.01,64,0.013366346217707785
MNIST,SMLLAE,4,4,0.01,64,0.013361999714401548
MNIST,SMLLAE,4,5,0.01,64,0.013359892700336128
MNIST,SMLLAE,4,6,0.01,64,0.013357244081485437
MNIST,SMLLAE,4,7,0.01,64,0.013357081209251812
MNIST,SMLLAE,4,8,0.01,64,0.013356173400090002
MNIST,SMLLAE,4,9,0.01,64,0.013355251994412908
MNIST,SMLLAE,4,Test,0.01,64,0.013271922779500863
MNIST,SMLLAE,4,0,0.001,64,0.014377051853199504
MNIST,SMLLAE,4,1,0.001,64,0.013512781122202938
MNIST,SMLLAE,4,2,0.001,64,0.013400144494776087
MNIST,SMLLAE,4,3,0.001,64,0.013349439117755654
MNIST,SMLLAE,4,4,0.001,64,0.013319728205969402
MNIST,SMLLAE,4,5,0.001,64,0.013296603543886435
MNIST,SMLLAE,4,6,0.001,64,0.01327786815644645
MNIST,SMLLAE,4,7,0.001,64,0.013271228816392007
MNIST,SMLLAE,4,8,0.001,64,0.013267569254829623
MNIST,SMLLAE,4,9,0.001,64,0.013264783328450692
MNIST,SMLLAE,4,Test,0.001,64,0.013181038016963537
MNIST,SMLLAE,4,0,0.0001,64,0.01683956883482333
MNIST,SMLLAE,4,1,0.0001,64,0.014429507977656846
MNIST,SMLLAE,4,2,0.0001,64,0.01421829554707066
MNIST,SMLLAE,4,3,0.0001,64,0.013919128451559907
MNIST,SMLLAE,4,4,0.0001,64,0.013722611110665396
MNIST,SMLLAE,4,5,0.0001,64,0.013619092191809784
MNIST,SMLLAE,4,6,0.0001,64,0.013552690168092055
MNIST,SMLLAE,4,7,0.0001,64,0.013505488462341049
MNIST,SMLLAE,4,8,0.0001,64,0.013471202542588337
MNIST,SMLLAE,4,9,0.0001,64,0.013444786058313875
MNIST,SMLLAE,4,Test,0.0001,64,0.013326399763868114
MNIST,SMLLAE,4,0,0.01,128,0.007190725767115222
MNIST,SMLLAE,4,1,0.01,128,0.00675023056125876
MNIST,SMLLAE,4,2,0.01,128,0.0066801606357764845
MNIST,SMLLAE,4,3,0.01,128,0.00666625525500538
MNIST,SMLLAE,4,4,0.01,128,0.006662661204738086
MNIST,SMLLAE,4,5,0.01,128,0.006661542431155501
MNIST,SMLLAE,4,6,0.01,128,0.006660503873438723
MNIST,SMLLAE,4,7,0.01,128,0.006660562769166315
MNIST,SMLLAE,4,8,0.01,128,0.006659372222186851
MNIST,SMLLAE,4,9,0.01,128,0.006659471866752166
MNIST,SMLLAE,4,Test,0.01,128,0.0066152433452161055
MNIST,SMLLAE,4,0,0.001,128,0.00748489843979319
MNIST,SMLLAE,4,1,0.001,128,0.006885871741928653
MNIST,SMLLAE,4,2,0.001,128,0.0067617408891540096
MNIST,SMLLAE,4,3,0.001,128,0.006719181147306713
MNIST,SMLLAE,4,4,0.001,128,0.006695649964905687
MNIST,SMLLAE,4,5,0.001,128,0.006681848885312772
MNIST,SMLLAE,4,6,0.001,128,0.006672086936832745
MNIST,SMLLAE,4,7,0.001,128,0.006663112913065755
MNIST,SMLLAE,4,8,0.001,128,0.006654698399703767
MNIST,SMLLAE,4,9,0.001,128,0.006649073192488347
MNIST,SMLLAE,4,Test,0.001,128,0.006602375650236123
MNIST,SMLLAE,4,0,0.0001,128,0.009374442009894705
MNIST,SMLLAE,4,1,0.0001,128,0.007340980528879649
MNIST,SMLLAE,4,2,0.0001,128,0.0072259333586371915
MNIST,SMLLAE,4,3,0.0001,128,0.007187414782316382
MNIST,SMLLAE,4,4,0.0001,128,0.007134252504856665
MNIST,SMLLAE,4,5,0.0001,128,0.0070492568751499216
MNIST,SMLLAE,4,6,0.0001,128,0.006963831557234975
MNIST,SMLLAE,4,7,0.0001,128,0.00689666945117909
MNIST,SMLLAE,4,8,0.0001,128,0.006850970373836471
MNIST,SMLLAE,4,9,0.0001,128,0.006820131329569354
MNIST,SMLLAE,4,Test,0.0001,128,0.006753266028635487
