Model,Class,MSE,SSIM,PSNR
MNIST_SMLLAE_0.001_128_5_4.pth,0,0.8370236062881898,-0.16108222225009805,0.7777455966673681
MNIST_SMLLAE_0.001_128_5_4.pth,1,1.0394730860441266,-0.23292288566978736,-0.15976280131503232
MNIST_SMLLAE_0.001_128_5_4.pth,2,0.8845933294573496,-0.1833126535648956,0.5456541588647755
MNIST_SMLLAE_0.001_128_5_4.pth,3,0.9038812263767319,-0.22645869354820136,0.452938926790797
MNIST_SMLLAE_0.001_128_5_4.pth,4,0.9440882794725919,-0.22496753216610665,0.2624165698638426
MNIST_SMLLAE_0.001_128_5_4.pth,5,0.909494936265753,-0.2559528168754873,0.4246646917544194
MNIST_SMLLAE_0.001_128_5_4.pth,6,0.9008157592352347,-0.18419905495057654,0.47058560628997415
MNIST_SMLLAE_0.001_128_5_4.pth,7,0.9731015436032403,-0.2606041719548344,0.12763979330538078
MNIST_SMLLAE_0.001_128_5_4.pth,8,0.9087384587318256,-0.19378339173417108,0.42661380328043175
MNIST_SMLLAE_0.001_128_5_4.pth,9,0.9579155786540747,-0.24381027049406728,0.1959680171953866
MNIST_SMLLAE_0.001_64_1_4.pth,0,0.8529572327526248,-0.1079408043141438,0.6938012547993166
MNIST_SMLLAE_0.001_64_1_4.pth,1,1.134169303320578,-0.2139396500209211,-0.5248837205670132
MNIST_SMLLAE_0.001_64_1_4.pth,2,0.884816129771314,-0.10368968228210974,0.5415930792267963
MNIST_SMLLAE_0.001_64_1_4.pth,3,0.9106750373202975,-0.15773428678764093,0.4242520946546478
MNIST_SMLLAE_0.001_64_1_4.pth,4,1.0403018843860588,-0.20575676202781276,-0.14572104190372254
MNIST_SMLLAE_0.001_64_1_4.pth,5,0.9222559414369643,-0.18756953261940007,0.36844195689472914
MNIST_SMLLAE_0.001_64_1_4.pth,6,0.8886978433376065,-0.12788194465429772,0.5230820416199133
MNIST_SMLLAE_0.001_64_1_4.pth,7,1.0630260303558543,-0.2341920764144852,-0.2466819215000583
MNIST_SMLLAE_0.001_64_1_4.pth,8,0.9323951149745644,-0.1431589452014949,0.3253914061891217
MNIST_SMLLAE_0.001_64_1_4.pth,9,1.0590864984084167,-0.2252751013201876,-0.23089892641681986
MNIST_SMLLAE_0.001_128_10_4.pth,0,0.8182393061263221,-0.1938413927990398,0.8742802881084809
MNIST_SMLLAE_0.001_128_10_4.pth,1,0.9220780690336018,-0.19047605865118478,0.3551651680543709
MNIST_SMLLAE_0.001_128_10_4.pth,2,0.8408505489775376,-0.1455195188400705,0.7565144563223853
MNIST_SMLLAE_0.001_128_10_4.pth,3,0.8445137520827869,-0.17073449501260726,0.7380307373037239
MNIST_SMLLAE_0.001_128_10_4.pth,4,0.8657806734810536,-0.16386912495879416,0.6291862265980533
MNIST_SMLLAE_0.001_128_10_4.pth,5,0.8562338043488729,-0.2054086358481707,0.6785794355257644
MNIST_SMLLAE_0.001_128_10_4.pth,6,0.8468213530572322,-0.14950886749718284,0.7259724984991661
MNIST_SMLLAE_0.001_128_10_4.pth,7,0.8739118177719153,-0.19692696895584813,0.5886582293056293
MNIST_SMLLAE_0.001_128_10_4.pth,8,0.8374767274092845,-0.12449251517880541,0.7735663641000745
MNIST_SMLLAE_0.001_128_10_4.pth,9,0.8601635735264146,-0.173643131534732,0.6570468850460537
MNIST_SMLLAE_0.001_64_5_1.pth,0,0.8219535564281503,-0.19405908683120252,0.8549741811173471
MNIST_SMLLAE_0.001_64_5_1.pth,1,0.940426915175064,-0.20515278274549406,0.2718236387691983
MNIST_SMLLAE_0.001_64_5_1.pth,2,0.8476544381227604,-0.1448944891434881,0.7216787233136499
MNIST_SMLLAE_0.001_64_5_1.pth,3,0.8504937226229375,-0.17698744368414573,0.7078614956378745
MNIST_SMLLAE_0.001_64_5_1.pth,4,0.8727736076123845,-0.1728915566255047,0.5951182069044704
MNIST_SMLLAE_0.001_64_5_1.pth,5,0.8643953940526252,-0.21330158199783286,0.6385956418357152
MNIST_SMLLAE_0.001_64_5_1.pth,6,0.8525833808554488,-0.15640239765453967,0.6975093380376785
MNIST_SMLLAE_0.001_64_5_1.pth,7,0.8821648888666807,-0.20401108009408703,0.5487584405577045
MNIST_SMLLAE_0.001_64_5_1.pth,8,0.8437246845488185,-0.12485629523130998,0.7414418861919783
MNIST_SMLLAE_0.001_64_5_1.pth,9,0.8662406315416009,-0.17656392119359487,0.627013447710944
MNIST_SMLLAE_0.0001_128_1_3.pth,0,1.2218780571708874,-0.012541407254956432,-0.8228640296013756
MNIST_SMLLAE_0.0001_128_1_3.pth,1,1.768504887950578,-0.015257717399007475,-2.4703986395306425
MNIST_SMLLAE_0.0001_128_1_3.pth,2,1.4947692012602045,-0.012562625614901039,-1.703738757939375
MNIST_SMLLAE_0.0001_128_1_3.pth,3,1.453119160751305,-0.019764490248942446,-1.5707708654223813
MNIST_SMLLAE_0.0001_128_1_3.pth,4,1.645274335886456,-0.014729117961936624,-2.1488657686996673
MNIST_SMLLAE_0.0001_128_1_3.pth,5,1.4907952901226522,-0.016873005410437767,-1.6792727703459551
MNIST_SMLLAE_0.0001_128_1_3.pth,6,1.594383027583423,-0.012871345159003154,-2.0028854743412188
MNIST_SMLLAE_0.0001_128_1_3.pth,7,1.6631945193045798,-0.02906945578465842,-2.199101364345249
MNIST_SMLLAE_0.0001_128_1_3.pth,8,1.5176575410292623,-0.014443474607767242,-1.7756948467060814
MNIST_SMLLAE_0.0001_128_1_3.pth,9,1.6462897445094598,-0.015796527489510152,-2.1540863437438573
MNIST_SMLLAE_0.001_128_1_3.pth,0,1.1279042978067788,-0.032693236815320936,-0.469817759636772
MNIST_SMLLAE_0.001_128_1_3.pth,1,1.43834308139028,-0.03924439757486623,-1.5759013563006063
MNIST_SMLLAE_0.001_128_1_3.pth,2,1.3286581867078477,-0.040901952252439006,-1.223441262943847
MNIST_SMLLAE_0.001_128_1_3.pth,3,1.3013335400288648,-0.0471476461799886,-1.124638250055576
MNIST_SMLLAE_0.001_128_1_3.pth,4,1.343616513334321,-0.04990971406268571,-1.277556754759214
MNIST_SMLLAE_0.001_128_1_3.pth,5,1.3367290789503687,-0.04636402651622278,-1.2332551010941282
MNIST_SMLLAE_0.001_128_1_3.pth,6,1.3558229618007804,-0.04863695827561183,-1.3164516317465191
MNIST_SMLLAE_0.001_128_1_3.pth,7,1.3603740335090615,-0.05930480509395271,-1.330347150803892
MNIST_SMLLAE_0.001_128_1_3.pth,8,1.3119130413635065,-0.05089818564208453,-1.1718818817614098
MNIST_SMLLAE_0.001_128_1_3.pth,9,1.3253223721170566,-0.05834058126902319,-1.2178477238940657
MNIST_SMLLAE_0.001_64_5_3.pth,0,0.8211113378101466,-0.1779213066484536,0.8589478553672731
MNIST_SMLLAE_0.001_64_5_3.pth,1,0.9248236585293572,-0.15593792778164067,0.3417469753279013
MNIST_SMLLAE_0.001_64_5_3.pth,2,0.8456037006405897,-0.12178786126570525,0.7315097787052453
MNIST_SMLLAE_0.001_64_5_3.pth,3,0.8483016044786661,-0.1525359684875784,0.7184090013939415
MNIST_SMLLAE_0.001_64_5_3.pth,4,0.8687096593214878,-0.13927657852221453,0.6142135503638325
MNIST_SMLLAE_0.001_64_5_3.pth,5,0.8599815984076983,-0.18085657686547452,0.6592599701378702
MNIST_SMLLAE_0.001_64_5_3.pth,6,0.8495346012842182,-0.1333241346390558,0.7117001924130242
MNIST_SMLLAE_0.001_64_5_3.pth,7,0.8778578015153046,-0.16033789138556334,0.5686867221799828
MNIST_SMLLAE_0.001_64_5_3.pth,8,0.8418370378213252,-0.11110320451473517,0.7509599238467474
MNIST_SMLLAE_0.001_64_5_3.pth,9,0.8644640623518922,-0.14413310668020915,0.63511939220404
MNIST_SMLLAE_0.01_32_1_3.pth,0,0.8232125940979743,-0.18069013365220832,0.8482761380340761
MNIST_SMLLAE_0.01_32_1_3.pth,1,0.9256374420048382,-0.18799661099930515,0.3383760474967099
MNIST_SMLLAE_0.01_32_1_3.pth,2,0.8484804911553397,-0.13437624288338643,0.7173367850753987
MNIST_SMLLAE_0.01_32_1_3.pth,3,0.8515982210045994,-0.16112843300602303,0.7018002415608023
MNIST_SMLLAE_0.01_32_1_3.pth,4,0.8727960228434405,-0.16941265474556774,0.5946910303718808
MNIST_SMLLAE_0.01_32_1_3.pth,5,0.8652181290591244,-0.19991535381657474,0.6338243172213585
MNIST_SMLLAE_0.01_32_1_3.pth,6,0.8530129860612197,-0.13531912860370213,0.6942246354960613
MNIST_SMLLAE_0.01_32_1_3.pth,7,0.8829952455796156,-0.19328452671223842,0.5440662977595492
MNIST_SMLLAE_0.01_32_1_3.pth,8,0.8446636451465638,-0.12203659001266368,0.7365348378836674
MNIST_SMLLAE_0.01_32_1_3.pth,9,0.8679507004966585,-0.17631410657780244,0.618292761315145
MNIST_SMLLAE_0.01_128_10_4.pth,0,0.8206813070238853,-0.19138541631625808,0.8612758335276953
MNIST_SMLLAE_0.01_128_10_4.pth,1,0.9456541549266697,-0.21500057232314648,0.24873213864278737
MNIST_SMLLAE_0.01_128_10_4.pth,2,0.8453586515068083,-0.148382493396183,0.7333864912316346
MNIST_SMLLAE_0.01_128_10_4.pth,3,0.8479607105255127,-0.17371876455276342,0.7208220954606634
MNIST_SMLLAE_0.01_128_10_4.pth,4,0.8687656354272923,-0.17435426212896912,0.6147459316643449
MNIST_SMLLAE_0.01_128_10_4.pth,5,0.8602475041498517,-0.20731413526554868,0.6586661037060607
MNIST_SMLLAE_0.01_128_10_4.pth,6,0.8505581714415102,-0.14849175631344827,0.7068460512653586
MNIST_SMLLAE_0.01_128_10_4.pth,7,0.8770084933664084,-0.1986906484106002,0.5736883103822864
MNIST_SMLLAE_0.01_128_10_4.pth,8,0.8409039795521104,-0.1224512725425275,0.7555810880777613
MNIST_SMLLAE_0.01_128_10_4.pth,9,0.8631126706380438,-0.17509896014495985,0.6424249659104826
MNIST_SMLLAE_0.001_64_5_2.pth,0,0.8181514522250818,-0.21424413008220924,0.8755498622379518
MNIST_SMLLAE_0.001_64_5_2.pth,1,0.9305468817639456,-0.20112806954243562,0.3163063789106927
MNIST_SMLLAE_0.001_64_5_2.pth,2,0.8431314186070317,-0.15616565878721916,0.7452731874281954
MNIST_SMLLAE_0.001_64_5_2.pth,3,0.8472501729974652,-0.1863993912537067,0.7248420681522948
MNIST_SMLLAE_0.001_64_5_2.pth,4,0.870510408324768,-0.17312615822134944,0.606187038614806
MNIST_SMLLAE_0.001_64_5_2.pth,5,0.8612911559541129,-0.22115078766535715,0.6540492339156072
MNIST_SMLLAE_0.001_64_5_2.pth,6,0.8492206632468795,-0.15243454494690153,0.7141815158555689
MNIST_SMLLAE_0.001_64_5_2.pth,7,0.8772663410303657,-0.2028664252236937,0.5725232020478473
MNIST_SMLLAE_0.001_64_5_2.pth,8,0.8403956602486252,-0.13740340544867063,0.7593054435482959
MNIST_SMLLAE_0.001_64_5_2.pth,9,0.8638731251859334,-0.1811163160531132,0.6389397347981788
MNIST_SMLLAE_0.0001_128_1_4.pth,0,1.0249332390877666,-0.029144315845726982,-0.0987002091589725
MNIST_SMLLAE_0.0001_128_1_4.pth,1,1.673666221349775,-0.06337040973794539,-2.2039607398874814
MNIST_SMLLAE_0.0001_128_1_4.pth,2,1.2181941276603891,-0.0409037254390718,-0.7865175990603289
MNIST_SMLLAE_0.0001_128_1_4.pth,3,1.3449521829586217,-0.06556431318139823,-1.2099304257212928
MNIST_SMLLAE_0.0001_128_1_4.pth,4,1.6212856155306161,-0.04634574579717526,-2.058456183038507
MNIST_SMLLAE_0.0001_128_1_4.pth,5,1.290494178843605,-0.06328175999226646,-1.0350683565490775
MNIST_SMLLAE_0.0001_128_1_4.pth,6,1.3508973236745982,-0.04710662387575787,-1.2197230106139718
MNIST_SMLLAE_0.0001_128_1_4.pth,7,1.598933336915673,-0.05975505281231644,-1.9979593660197772
MNIST_SMLLAE_0.0001_128_1_4.pth,8,1.4282963073963502,-0.06548406625627945,-1.4878966463858523
MNIST_SMLLAE_0.0001_128_1_4.pth,9,1.6282145825793415,-0.0655305946303635,-2.089133789592336
MNIST_SMLLAE_0.001_128_5_2.pth,0,0.8487654400723321,-0.17539944821881928,0.7197513410018709
MNIST_SMLLAE_0.001_128_5_2.pth,1,1.027716724305426,-0.22542824363868394,-0.11242889871831259
MNIST_SMLLAE_0.001_128_5_2.pth,2,0.9048638884988867,-0.18837161889390777,0.44517906239220995
MNIST_SMLLAE_0.001_128_5_2.pth,3,0.8971280551782929,-0.19734868482854392,0.48535120647114244
MNIST_SMLLAE_0.001_128_5_2.pth,4,0.9680815694773999,-0.22350331352002814,0.1484564097894736
MNIST_SMLLAE_0.001_128_5_2.pth,5,0.9181613813868552,-0.23142622053378756,0.38802867101017685
MNIST_SMLLAE_0.001_128_5_2.pth,6,0.9271145714349687,-0.19306327254554728,0.3404788880197494
MNIST_SMLLAE_0.001_128_5_2.pth,7,0.9810048564398799,-0.2512974035908465,0.09087136325203929
MNIST_SMLLAE_0.001_128_5_2.pth,8,0.9096595066651182,-0.17514189451259463,0.42202339387064325
MNIST_SMLLAE_0.001_128_5_2.pth,9,0.9664899943723196,-0.22826954328825813,0.15531024521427875
MNIST_SMLLAE_0.001_128_10_3.pth,0,0.8201038906768877,-0.19009779033970375,0.8641851640898349
MNIST_SMLLAE_0.001_128_10_3.pth,1,0.9261222449693386,-0.19684542000100236,0.33665606480345095
MNIST_SMLLAE_0.001_128_10_3.pth,2,0.8430907697987187,-0.14382356324814724,0.7446660433943559
MNIST_SMLLAE_0.001_128_10_3.pth,3,0.8465155546027835,-0.1663775215306304,0.7275216199993094
MNIST_SMLLAE_0.001_128_10_3.pth,4,0.8666311501242722,-0.1606337065238239,0.6248227463604608
MNIST_SMLLAE_0.001_128_10_3.pth,5,0.85907565518345,-0.19561487061719782,0.6640121103507652
MNIST_SMLLAE_0.001_128_10_3.pth,6,0.8488676210783718,-0.14612972049112496,0.71533531337231
MNIST_SMLLAE_0.001_128_10_3.pth,7,0.8749995171907811,-0.19304416624870457,0.5831755374586233
MNIST_SMLLAE_0.001_128_10_3.pth,8,0.8408464775927502,-0.12114604801009152,0.7558951671822491
MNIST_SMLLAE_0.001_128_10_3.pth,9,0.8620135823728072,-0.1670331362721743,0.6475624717536548
MNIST_SMLLAE_0.001_64_1_3.pth,0,0.9294206725091351,-0.07638702902554821,0.3305897408062731
MNIST_SMLLAE_0.001_64_1_3.pth,1,1.1378471452759227,-0.1423625406000286,-0.5535709786213511
MNIST_SMLLAE_0.001_64_1_3.pth,2,1.032504521772381,-0.09091653483060486,-0.12462612100663255
MNIST_SMLLAE_0.001_64_1_3.pth,3,0.9628022133713902,-0.06278913329597657,0.17902573401222513
MNIST_SMLLAE_0.001_64_1_3.pth,4,1.0967880814599893,-0.11662737676557099,-0.39426984284269123
MNIST_SMLLAE_0.001_64_1_3.pth,5,1.007713993635413,-0.07624342143212444,-0.005695141287449295
MNIST_SMLLAE_0.001_64_1_3.pth,6,1.044339840247885,-0.11061083803921462,-0.1748500110063721
MNIST_SMLLAE_0.001_64_1_3.pth,7,1.098306376704446,-0.14039162438377592,-0.3991417961047672
MNIST_SMLLAE_0.001_64_1_3.pth,8,0.9808084178387018,-0.0704281579425125,0.10043860520964194
MNIST_SMLLAE_0.001_64_1_3.pth,9,1.071492124714393,-0.13273588713200946,-0.2919137102442997
MNIST_SMLLAE_0.001_128_5_3.pth,0,0.8374663079879722,-0.14778747598288855,0.7733406617088774
MNIST_SMLLAE_0.001_128_5_3.pth,1,0.9994018986886819,-0.22980182404619887,0.008143839658946267
MNIST_SMLLAE_0.001_128_5_3.pth,2,0.8724552770686704,-0.17189575602970852,0.5995462127105671
MNIST_SMLLAE_0.001_128_5_3.pth,3,0.8855721126098444,-0.2049199540797774,0.5346096172952138
MNIST_SMLLAE_0.001_128_5_3.pth,4,0.9060837502027966,-0.19618675925235374,0.4348464053864515
MNIST_SMLLAE_0.001_128_5_3.pth,5,0.8945117541359144,-0.22482052024254764,0.49252027245262614
MNIST_SMLLAE_0.001_128_5_3.pth,6,0.8715472242528561,-0.15971615641284995,0.6047060914327264
MNIST_SMLLAE_0.001_128_5_3.pth,7,0.9272025340609977,-0.23878062597707891,0.33513559233165274
MNIST_SMLLAE_0.001_128_5_3.pth,8,0.8776524886335925,-0.1563330084150205,0.573452364227286
MNIST_SMLLAE_0.001_128_5_3.pth,9,0.9061608077040749,-0.21184538694432678,0.4338634973063482
MNIST_SMLLAE_0.001_128_5_1.pth,0,0.8429274249441769,-0.16172179149355087,0.74667725272868
MNIST_SMLLAE_0.001_128_5_1.pth,1,1.037428400537516,-0.23591688741018174,-0.15220513855243784
MNIST_SMLLAE_0.001_128_5_1.pth,2,0.8992722182310828,-0.18439421065123973,0.46893089356905676
MNIST_SMLLAE_0.001_128_5_1.pth,3,0.9138232846071225,-0.2224508837059882,0.39908321182393675
MNIST_SMLLAE_0.001_128_5_1.pth,4,0.942048736599458,-0.2158254523158347,0.2665634425190876
MNIST_SMLLAE_0.001_128_5_1.pth,5,0.913207504714551,-0.2366250044156731,0.4026039161506232
MNIST_SMLLAE_0.001_128_5_1.pth,6,0.9111179718767178,-0.18472853480118812,0.41217793247728296
MNIST_SMLLAE_0.001_128_5_1.pth,7,0.9584606664421957,-0.251637428373732,0.1924902616767529
MNIST_SMLLAE_0.001_128_5_1.pth,8,0.9064633236161492,-0.16792834836791723,0.4326715544228101
MNIST_SMLLAE_0.001_128_5_1.pth,9,0.9370433052538407,-0.2311102585038948,0.28948608280078614
MNIST_SMLLAE_0.01_128_10_3.pth,0,0.8260862069470541,-0.17385113088986692,0.8318289828349494
MNIST_SMLLAE_0.01_128_10_3.pth,1,0.9259339610385474,-0.18998740758408372,0.3373375151476797
MNIST_SMLLAE_0.01_128_10_3.pth,2,0.8465212139972421,-0.13368691209927425,0.7265225828792403
MNIST_SMLLAE_0.01_128_10_3.pth,3,0.8486327668227772,-0.16163890271428574,0.7162821127069022
MNIST_SMLLAE_0.01_128_10_3.pth,4,0.8694869325991318,-0.1826031423534226,0.6114761900410358
MNIST_SMLLAE_0.01_128_10_3.pth,5,0.8601814129561052,-0.195091106253145,0.6582206271360714
MNIST_SMLLAE_0.01_128_10_3.pth,6,0.8505949147185602,-0.14172861135039966,0.7060449840822308
MNIST_SMLLAE_0.01_128_10_3.pth,7,0.8785411290505517,-0.20855495888018813,0.5662470594344035
MNIST_SMLLAE_0.01_128_10_3.pth,8,0.8441985053693,-0.1082551852074177,0.7377017489953718
MNIST_SMLLAE_0.01_128_10_3.pth,9,0.8639027338079939,-0.18722370440930472,0.6385725638452812
MNIST_SMLLAE_0.001_64_5_4.pth,0,0.81976440561061,-0.19190169068577748,0.8661206294435614
MNIST_SMLLAE_0.001_64_5_4.pth,1,0.9268739459273049,-0.1966046262989983,0.33314265123183745
MNIST_SMLLAE_0.001_64_5_4.pth,2,0.8423623174659965,-0.1416210375076036,0.7484650722940682
MNIST_SMLLAE_0.001_64_5_4.pth,3,0.8453734599127628,-0.16957651455663011,0.7336101979167645
MNIST_SMLLAE_0.001_64_5_4.pth,4,0.8667648822494048,-0.16107000243787387,0.6241449987883935
MNIST_SMLLAE_0.001_64_5_4.pth,5,0.8573304001793198,-0.2038929666375089,0.6730810296383885
MNIST_SMLLAE_0.001_64_5_4.pth,6,0.8486087483379189,-0.14398892849882314,0.7164540493690498
MNIST_SMLLAE_0.001_64_5_4.pth,7,0.8748734266957421,-0.19294469148496596,0.5838426165070436
MNIST_SMLLAE_0.001_64_5_4.pth,8,0.839333776514633,-0.12645232888864136,0.7637601808997782
MNIST_SMLLAE_0.001_64_5_4.pth,9,0.8619126417001246,-0.17233258705565424,0.648121931020532
MNIST_SMLLAE_0.01_32_1_4.pth,0,0.8267345598765782,-0.17694583224739094,0.8295507023814591
MNIST_SMLLAE_0.01_32_1_4.pth,1,0.931044605860101,-0.18706308032953914,0.3139094443468791
MNIST_SMLLAE_0.01_32_1_4.pth,2,0.8518572059250618,-0.1277772571878955,0.699817851269113
MNIST_SMLLAE_0.01_32_1_4.pth,3,0.8531392757845397,-0.15669740395259266,0.693905094515254
MNIST_SMLLAE_0.01_32_1_4.pth,4,0.8755692348582196,-0.15911433644879386,0.5807910122513602
MNIST_SMLLAE_0.01_32_1_4.pth,5,0.864993938616573,-0.19119336207833718,0.6346073766192737
MNIST_SMLLAE_0.01_32_1_4.pth,6,0.8568829777096408,-0.14196440554701642,0.6749168247847277
MNIST_SMLLAE_0.01_32_1_4.pth,7,0.8802478429408389,-0.18187433669307676,0.5571322613447827
MNIST_SMLLAE_0.01_32_1_4.pth,8,0.8466628264842337,-0.12015349371101512,0.7262803809741241
MNIST_SMLLAE_0.01_32_1_4.pth,9,0.8685387112458705,-0.16639064911858625,0.6150998173158946
MNIST_SMLLAE_0.001_128_1_4.pth,0,0.9453799012364174,-0.0884291262960901,0.25617897604903095
MNIST_SMLLAE_0.001_128_1_4.pth,1,1.3228620699323748,-0.1779242087905495,-1.1977992447740176
MNIST_SMLLAE_0.001_128_1_4.pth,2,1.1131282511723133,-0.1392842404081476,-0.43464646133298157
MNIST_SMLLAE_0.001_128_1_4.pth,3,1.1530122729811338,-0.17289845796799422,-0.5968853771066313
MNIST_SMLLAE_0.001_128_1_4.pth,4,1.2161173224449158,-0.15345959020750993,-0.8278952021880281
MNIST_SMLLAE_0.001_128_1_4.pth,5,1.1713072405668652,-0.17388582495380717,-0.6539274130543056
MNIST_SMLLAE_0.001_128_1_4.pth,6,1.1539977103285102,-0.15390667994225438,-0.5883944803345847
MNIST_SMLLAE_0.001_128_1_4.pth,7,1.207117623044359,-0.19519943326030886,-0.7995370018290513
MNIST_SMLLAE_0.001_128_1_4.pth,8,1.169885345124611,-0.13440097009187238,-0.6612263900139014
MNIST_SMLLAE_0.001_128_1_4.pth,9,1.1969322998767093,-0.18495448259219938,-0.7639638279857783
MNIST_SMLLAE_0.0001_32_10_3.pth,0,0.8172047186262753,-0.19530683341292235,0.8803552764789898
MNIST_SMLLAE_0.0001_32_10_3.pth,1,0.9220495400449779,-0.1839687559185168,0.3551135696163147
MNIST_SMLLAE_0.0001_32_10_3.pth,2,0.8431474098632502,-0.1370178559647577,0.7444692577833092
MNIST_SMLLAE_0.0001_32_10_3.pth,3,0.8459267420933978,-0.1697599175803272,0.7309790586604759
MNIST_SMLLAE_0.0001_32_10_3.pth,4,0.8668292782093017,-0.15569081220721487,0.6237881519246314
MNIST_SMLLAE_0.0001_32_10_3.pth,5,0.8592232029400599,-0.19456480749034138,0.6634777304848156
MNIST_SMLLAE_0.0001_32_10_3.pth,6,0.8490542283511112,-0.13929024022786918,0.7143702653096627
MNIST_SMLLAE_0.0001_32_10_3.pth,7,0.8747719314079804,-0.18742302047824125,0.584215917108881
MNIST_SMLLAE_0.0001_32_10_3.pth,8,0.8405318853179532,-0.12371150994213309,0.7580741043096441
MNIST_SMLLAE_0.0001_32_10_3.pth,9,0.8621206285932256,-0.165872461342631,0.6471615965062153
MNIST_SMLLAE_0.01_64_1_4.pth,0,0.8323692468356113,-0.16607628685671294,0.8005449692885793
MNIST_SMLLAE_0.01_64_1_4.pth,1,0.9325493071572896,-0.17326193716408952,0.306927785597691
MNIST_SMLLAE_0.01_64_1_4.pth,2,0.8585477116727089,-0.10628859786990527,0.6657432573149106
MNIST_SMLLAE_0.01_64_1_4.pth,3,0.8610358067078165,-0.13599776425885401,0.6540343425410855
MNIST_SMLLAE_0.01_64_1_4.pth,4,0.8799507253767274,-0.12309707208073445,0.5585075211519397
MNIST_SMLLAE_0.01_64_1_4.pth,5,0.8745235680464671,-0.16746290754140264,0.5871667609336578
MNIST_SMLLAE_0.01_64_1_4.pth,6,0.8629232829821633,-0.11405860765958305,0.6442447820858437
MNIST_SMLLAE_0.01_64_1_4.pth,7,0.8868710757577466,-0.16484642314128173,0.5248664919648773
MNIST_SMLLAE_0.01_64_1_4.pth,8,0.8545633997515731,-0.09825737133761644,0.685980299678757
MNIST_SMLLAE_0.01_64_1_4.pth,9,0.8750248186888379,-0.13565902327986656,0.5826102161718929
MNIST_SMLLAE_0.01_64_5_1.pth,0,0.8205982824977563,-0.20163486481618453,0.8624163861245892
MNIST_SMLLAE_0.01_64_5_1.pth,1,0.9442392682188933,-0.2108821258926775,0.2546657860916959
MNIST_SMLLAE_0.01_64_5_1.pth,2,0.84736539354158,-0.1509900847512924,0.7231694036827147
MNIST_SMLLAE_0.01_64_5_1.pth,3,0.8508782149541496,-0.17777475201427914,0.7058441457862211
MNIST_SMLLAE_0.01_64_5_1.pth,4,0.8733309901901758,-0.18057371179321888,0.5924903870525965
MNIST_SMLLAE_0.01_64_5_1.pth,5,0.8630391929983559,-0.21242580162422617,0.6449862070786845
MNIST_SMLLAE_0.01_64_5_1.pth,6,0.8528057447554921,-0.1581739140847719,0.6956412183691415
MNIST_SMLLAE_0.01_64_5_1.pth,7,0.8803956172925489,-0.2008569999552624,0.5569915539734249
MNIST_SMLLAE_0.01_64_5_1.pth,8,0.8433479039453627,-0.13290510578068782,0.7433643364947153
MNIST_SMLLAE_0.01_64_5_1.pth,9,0.8665073561243071,-0.18622553911808257,0.6257472345878367
MNIST_SMLLAE_0.01_64_10_4.pth,0,0.8230090611443228,-0.1815234544892487,0.8487875908091074
MNIST_SMLLAE_0.01_64_10_4.pth,1,0.9409914648480352,-0.20411632969077073,0.2692162882100294
MNIST_SMLLAE_0.01_64_10_4.pth,2,0.845899325643861,-0.1436503034575698,0.7304710585782206
MNIST_SMLLAE_0.01_64_10_4.pth,3,0.8490286015047885,-0.16841436273678542,0.7151993309678651
MNIST_SMLLAE_0.01_64_10_4.pth,4,0.8702304507103082,-0.16979135991106445,0.6074753648851599
MNIST_SMLLAE_0.01_64_10_4.pth,5,0.861324275756096,-0.20312244213273895,0.6532265845411597
MNIST_SMLLAE_0.01_64_10_4.pth,6,0.853020450578602,-0.13799837556414046,0.6942663706971975
MNIST_SMLLAE_0.01_64_10_4.pth,7,0.8777777688280618,-0.19700860037289117,0.5699464154865905
MNIST_SMLLAE_0.01_64_10_4.pth,8,0.8414951330337681,-0.12423619030851363,0.7526574829100324
MNIST_SMLLAE_0.01_64_10_4.pth,9,0.8652686528100958,-0.17267177330451924,0.631736366675643
MNIST_SMLLAE_0.001_32_1_3.pth,0,0.8372431687554535,-0.14375964424138804,0.7743436196745527
MNIST_SMLLAE_0.001_32_1_3.pth,1,0.9348991589924313,-0.170597338688773,0.29518781827657925
MNIST_SMLLAE_0.001_32_1_3.pth,2,0.8612248146718786,-0.11523986320552315,0.6528854025897144
MNIST_SMLLAE_0.001_32_1_3.pth,3,0.8633040090598683,-0.12460958839014712,0.6419422152055703
MNIST_SMLLAE_0.001_32_1_3.pth,4,0.8838487419844159,-0.13718756794572382,0.5398387285340156
MNIST_SMLLAE_0.001_32_1_3.pth,5,0.8776104052638793,-0.14255171344559928,0.5711633212867953
MNIST_SMLLAE_0.001_32_1_3.pth,6,0.8634113162942619,-0.12169412040693485,0.6419343128828089
MNIST_SMLLAE_0.001_32_1_3.pth,7,0.8900146965038915,-0.17387244614386327,0.5096982693924287
MNIST_SMLLAE_0.001_32_1_3.pth,8,0.858737334762021,-0.08617805844370102,0.6642233732569799
MNIST_SMLLAE_0.001_32_1_3.pth,9,0.8759999073177901,-0.14270307917480765,0.5778290436534791
MNIST_SMLLAE_0.01_64_5_3.pth,0,0.8228450103681915,-0.18435077010216283,0.8495471722253467
MNIST_SMLLAE_0.01_64_5_3.pth,1,0.9314334290143151,-0.20308846678052642,0.31202942257836946
MNIST_SMLLAE_0.01_64_5_3.pth,2,0.8459612518664479,-0.14283715288893767,0.7298283340215821
MNIST_SMLLAE_0.01_64_5_3.pth,3,0.8485527582687906,-0.17436362418394435,0.717311634335853
MNIST_SMLLAE_0.01_64_5_3.pth,4,0.869924103837392,-0.1709762006007008,0.6087922633346591
MNIST_SMLLAE_0.01_64_5_3.pth,5,0.8609946535173553,-0.20481779484978396,0.6545540625355702
MNIST_SMLLAE_0.01_64_5_3.pth,6,0.8527733443425444,-0.13311113108378025,0.6949007869719473
MNIST_SMLLAE_0.01_64_5_3.pth,7,0.878223182104441,-0.2016554669783617,0.5676587500468855
MNIST_SMLLAE_0.01_64_5_3.pth,8,0.8428593319544312,-0.11873982325990487,0.745186088243793
MNIST_SMLLAE_0.01_64_5_3.pth,9,0.8635130620333555,-0.17321617537102757,0.6402158080499536
MNIST_SMLLAE_0.01_64_5_2.pth,0,0.8220240225597304,-0.19789829499722197,0.8544550615355907
MNIST_SMLLAE_0.01_64_5_2.pth,1,0.9286847458011779,-0.1989632390259201,0.3249845613563386
MNIST_SMLLAE_0.01_64_5_2.pth,2,0.8463125969896945,-0.1495321284251697,0.7285471794252759
MNIST_SMLLAE_0.01_64_5_2.pth,3,0.8496016187242942,-0.1729710419774711,0.7120466832458283
MNIST_SMLLAE_0.01_64_5_2.pth,4,0.8713881576741057,-0.17826676883530743,0.6018874926027873
MNIST_SMLLAE_0.01_64_5_2.pth,5,0.8616265440067368,-0.21373140355168696,0.6517508986546813
MNIST_SMLLAE_0.01_64_5_2.pth,6,0.8520613033363367,-0.15616690367514124,0.6996639499043482
MNIST_SMLLAE_0.01_64_5_2.pth,7,0.8790108288424489,-0.20599896990500746,0.5640586206579375
MNIST_SMLLAE_0.01_64_5_2.pth,8,0.8421147105262999,-0.13166469098053854,0.7496670069452416
MNIST_SMLLAE_0.01_64_5_2.pth,9,0.864959283082998,-0.18653634854826773,0.6334602724374452
MNIST_SMLLAE_0.001_64_20_4.pth,0,0.8123493041919202,-0.22396569690327306,0.9067277815027136
MNIST_SMLLAE_0.001_64_20_4.pth,1,0.9213067941728668,-0.19388764998529642,0.35899181410528036
MNIST_SMLLAE_0.001_64_20_4.pth,2,0.8377349458115045,-0.1574588942400678,0.7726294526778016
MNIST_SMLLAE_0.001_64_20_4.pth,3,0.8410666520052618,-0.1928064806774521,0.7563353741071096
MNIST_SMLLAE_0.001_64_20_4.pth,4,0.8629910876090561,-0.17561480112733724,0.6432692868924142
MNIST_SMLLAE_0.001_64_20_4.pth,5,0.8538486762431705,-0.22400002561355786,0.6912174642311124
MNIST_SMLLAE_0.001_64_20_4.pth,6,0.8434216253817206,-0.1510150621261641,0.7431734813512276
MNIST_SMLLAE_0.001_64_20_4.pth,7,0.8715783322251724,-0.20356821799840713,0.6002380335974599
MNIST_SMLLAE_0.001_64_20_4.pth,8,0.8340414675599006,-0.13219787739147057,0.791356068225256
MNIST_SMLLAE_0.001_64_20_4.pth,9,0.858030900492068,-0.1805984078745073,0.6678742571097589
MNIST_SMLLAE_0.001_32_10_3.pth,0,0.8100243174299901,-0.23099511223775293,0.91963001947314
MNIST_SMLLAE_0.001_32_10_3.pth,1,0.9178778951388624,-0.1791444132246455,0.3747423578764346
MNIST_SMLLAE_0.001_32_10_3.pth,2,0.8354864365948264,-0.16647872337076086,0.7847615767705249
MNIST_SMLLAE_0.001_32_10_3.pth,3,0.8399483561515808,-0.19393335910806192,0.7621301930090512
MNIST_SMLLAE_0.001_32_10_3.pth,4,0.8619437637130015,-0.17088178227688144,0.6484333383684057
MNIST_SMLLAE_0.001_32_10_3.pth,5,0.852151260314501,-0.22211255434067215,0.6996017299017383
MNIST_SMLLAE_0.001_32_10_3.pth,6,0.8426499718290779,-0.15304969443251193,0.7473941592328387
MNIST_SMLLAE_0.001_32_10_3.pth,7,0.8701591326452879,-0.1958217389314923,0.6071638001525516
MNIST_SMLLAE_0.001_32_10_3.pth,8,0.8332277828907819,-0.13351588023960717,0.7959865130693898
MNIST_SMLLAE_0.001_32_10_3.pth,9,0.8570483192225514,-0.17376643732026467,0.6727525218697598
MNIST_SMLLAE_0.001_64_20_1.pth,0,0.8123684616721406,-0.2362724898025213,0.9073252322348865
MNIST_SMLLAE_0.001_64_20_1.pth,1,0.9236693233645435,-0.20009150571409665,0.3480997964476127
MNIST_SMLLAE_0.001_64_20_1.pth,2,0.8380045099544895,-0.16347760743793155,0.7715473722902699
MNIST_SMLLAE_0.001_64_20_1.pth,3,0.8420935784236039,-0.1930185760337542,0.7511833135989623
MNIST_SMLLAE_0.001_64_20_1.pth,4,0.8641214465415162,-0.18238991231995616,0.6379391278910752
MNIST_SMLLAE_0.001_64_20_1.pth,5,0.8547445504921969,-0.2343447244429456,0.6869929254038174
MNIST_SMLLAE_0.001_64_20_1.pth,6,0.8442848813807541,-0.16109735432466504,0.7391716240070622
MNIST_SMLLAE_0.001_64_20_1.pth,7,0.8727302518800075,-0.20876522792711244,0.5947013955729792
MNIST_SMLLAE_0.001_64_20_1.pth,8,0.8343487526357052,-0.1399585520280413,0.7901393068515902
MNIST_SMLLAE_0.001_64_20_1.pth,9,0.8587647254096032,-0.1843606826914159,0.6643100693547669
MNIST_SMLLAE_0.01_64_1_3.pth,0,0.8243496648511108,-0.17713142306503557,0.8421487259006739
MNIST_SMLLAE_0.01_64_1_3.pth,1,0.929875720702604,-0.19374040443473095,0.31878812649841426
MNIST_SMLLAE_0.01_64_1_3.pth,2,0.8490573778286461,-0.13381914461870054,0.7142028989724948
MNIST_SMLLAE_0.01_64_1_3.pth,3,0.8526401228243762,-0.16063574356652485,0.6966330705654147
MNIST_SMLLAE_0.01_64_1_3.pth,4,0.8726796834993266,-0.16059546435703936,0.5950894284426507
MNIST_SMLLAE_0.01_64_1_3.pth,5,0.8654848627846338,-0.18552947825340496,0.6319217036667951
MNIST_SMLLAE_0.01_64_1_3.pth,6,0.8539702126402446,-0.1327976550164795,0.68906923626583
MNIST_SMLLAE_0.01_64_1_3.pth,7,0.8794947161052942,-0.18239374803294736,0.5609058113737796
MNIST_SMLLAE_0.01_64_1_3.pth,8,0.8465507545143183,-0.12434014991244356,0.7271342340771348
MNIST_SMLLAE_0.01_64_1_3.pth,9,0.8674964084261354,-0.16606286537122955,0.6203299499935809
MNIST_SMLLAE_0.0001_32_10_4.pth,0,0.8189785302293544,-0.1949611944062216,0.8706825865643976
MNIST_SMLLAE_0.0001_32_10_4.pth,1,0.9208330701626345,-0.17444343333174464,0.36062877371335256
MNIST_SMLLAE_0.0001_32_10_4.pth,2,0.8429370520766392,-0.14051787081856074,0.7457064245894625
MNIST_SMLLAE_0.0001_32_10_4.pth,3,0.8468790697579337,-0.16008570972282582,0.7257845557095305
MNIST_SMLLAE_0.0001_32_10_4.pth,4,0.8672285033826187,-0.1605052441472527,0.6218866452994931
MNIST_SMLLAE_0.0001_32_10_4.pth,5,0.8589392700002867,-0.195723100167461,0.6648283312080326
MNIST_SMLLAE_0.0001_32_10_4.pth,6,0.8479236077540603,-0.14550384055695742,0.7202663796496639
MNIST_SMLLAE_0.0001_32_10_4.pth,7,0.8765885323749906,-0.19206403112507006,0.5752991042014614
MNIST_SMLLAE_0.0001_32_10_4.pth,8,0.8403124525928889,-0.12149200065287881,0.7590167139521933
MNIST_SMLLAE_0.0001_32_10_4.pth,9,0.8623897461045249,-0.17254384110269191,0.6459519593145003
MNIST_SMLLAE_0.001_32_10_4.pth,0,0.8104794105096739,-0.23063047160610736,0.9172354456635672
MNIST_SMLLAE_0.001_32_10_4.pth,1,0.9172348251426797,-0.18331848438652817,0.37760565968813625
MNIST_SMLLAE_0.001_32_10_4.pth,2,0.8365880790953488,-0.16167186221306365,0.7790464029900014
MNIST_SMLLAE_0.001_32_10_4.pth,3,0.8401111830579172,-0.19338288925372193,0.7614189442423868
MNIST_SMLLAE_0.001_32_10_4.pth,4,0.8627723611420867,-0.18036001361640427,0.6444891348823815
MNIST_SMLLAE_0.001_32_10_4.pth,5,0.8527726033209685,-0.22350167187619122,0.6965938572184771
MNIST_SMLLAE_0.001_32_10_4.pth,6,0.8420694844334509,-0.16478520051045134,0.7507974115982915
MNIST_SMLLAE_0.001_32_10_4.pth,7,0.8708069679338181,-0.2006407575556094,0.6040434573057089
MNIST_SMLLAE_0.001_32_10_4.pth,8,0.8326787976758436,-0.14227069586575686,0.7991868486727972
MNIST_SMLLAE_0.001_32_10_4.pth,9,0.8576738476989527,-0.18361772672184976,0.6698144056325597
MNIST_SMLLAE_0.001_64_20_3.pth,0,0.8127298874514444,-0.22212972813977938,0.9045680606671999
MNIST_SMLLAE_0.001_64_20_3.pth,1,0.9200027478423938,-0.19355912079014284,0.36474961288352964
MNIST_SMLLAE_0.001_64_20_3.pth,2,0.8379230560489404,-0.15788447469032046,0.7715533348573951
MNIST_SMLLAE_0.001_64_20_3.pth,3,0.8417629752418783,-0.18797443397174998,0.7523079093432306
MNIST_SMLLAE_0.001_64_20_3.pth,4,0.8633710600572303,-0.17568156297408166,0.6413182005939405
MNIST_SMLLAE_0.001_64_20_3.pth,5,0.8540809635624222,-0.2216591278691497,0.6897309710644017
MNIST_SMLLAE_0.001_64_20_3.pth,6,0.8440133038293842,-0.15331148309596918,0.7402641959176204
MNIST_SMLLAE_0.001_64_20_3.pth,7,0.8722489163685402,-0.2032545545805166,0.5968187032502408
MNIST_SMLLAE_0.001_64_20_3.pth,8,0.8363055577023563,-0.1251766666987193,0.7794172451043794
MNIST_SMLLAE_0.001_64_20_3.pth,9,0.8582836574440078,-0.17755167456800838,0.666451359742597
MNIST_SMLLAE_0.001_32_1_4.pth,0,0.8316050916910172,-0.1586482438241184,0.8038845901328744
MNIST_SMLLAE_0.001_32_1_4.pth,1,0.9363485052722141,-0.1941706295125164,0.2895436474195626
MNIST_SMLLAE_0.001_32_1_4.pth,2,0.854879363620466,-0.11818185155231925,0.6843552817458789
MNIST_SMLLAE_0.001_32_1_4.pth,3,0.8583115616057179,-0.14584625812030938,0.6677620656222958
MNIST_SMLLAE_0.001_32_1_4.pth,4,0.8777847778651476,-0.15268974208307412,0.5698070004664788
MNIST_SMLLAE_0.001_32_1_4.pth,5,0.8708815159685409,-0.17891974906379737,0.6053230569701337
MNIST_SMLLAE_0.001_32_1_4.pth,6,0.8577783142599532,-0.1272173283448486,0.6700814530830826
MNIST_SMLLAE_0.001_32_1_4.pth,7,0.8949317981992714,-0.2066833618502345,0.4870428117073367
MNIST_SMLLAE_0.001_32_1_4.pth,8,0.8510815924075594,-0.10858205406225999,0.7035853819989341
MNIST_SMLLAE_0.001_32_1_4.pth,9,0.8759338758272979,-0.1742397620915307,0.5790529811506575
MNIST_SMLLAE_0.01_64_5_4.pth,0,0.8236954114266805,-0.1822157214438651,0.84529966445159
MNIST_SMLLAE_0.01_64_5_4.pth,1,0.935708348656541,-0.19980752817726122,0.29264123183088886
MNIST_SMLLAE_0.01_64_5_4.pth,2,0.8475375543962154,-0.1362284938425066,0.7216820480841483
MNIST_SMLLAE_0.01_64_5_4.pth,3,0.8500934936032437,-0.16935685733130829,0.709628733963676
MNIST_SMLLAE_0.01_64_5_4.pth,4,0.8696570804308486,-0.15919473753335275,0.6099351865835366
MNIST_SMLLAE_0.01_64_5_4.pth,5,0.8614317933139245,-0.2015288882935326,0.6525426296698926
MNIST_SMLLAE_0.01_64_5_4.pth,6,0.8527073001562927,-0.1365804587924176,0.6953282243997276
MNIST_SMLLAE_0.01_64_5_4.pth,7,0.8770019899662367,-0.18900607375783637,0.5732757350667147
MNIST_SMLLAE_0.01_64_5_4.pth,8,0.842449366189616,-0.12298554332625156,0.7477364961342383
MNIST_SMLLAE_0.01_64_5_4.pth,9,0.8645698369081004,-0.16885861296306698,0.634904921764218
MNIST_SMLLAE_0.001_64_20_2.pth,0,0.8127487282971947,-0.24306729367355134,0.9055768104988562
MNIST_SMLLAE_0.001_64_20_2.pth,1,0.9332751615457072,-0.20561537176089723,0.30441613708109183
MNIST_SMLLAE_0.001_64_20_2.pth,2,0.8383821835813596,-0.1647854907439927,0.7697351532090071
MNIST_SMLLAE_0.001_64_20_2.pth,3,0.8434130502809393,-0.19879742600102382,0.7448321861815514
MNIST_SMLLAE_0.001_64_20_2.pth,4,0.8647638776030414,-0.17454666420452766,0.6347044552588883
MNIST_SMLLAE_0.001_64_20_2.pth,5,0.8562366313597547,-0.23910651998439633,0.6799589639216543
MNIST_SMLLAE_0.001_64_20_2.pth,6,0.8454574981163837,-0.15457952917451906,0.7330948074835796
MNIST_SMLLAE_0.001_64_20_2.pth,7,0.8734324339066962,-0.2065885510090322,0.591488905930499
MNIST_SMLLAE_0.001_64_20_2.pth,8,0.8350614025974665,-0.13977874065790594,0.7865985163547935
MNIST_SMLLAE_0.001_64_20_2.pth,9,0.8593334381360601,-0.1810549943462919,0.6615810553650522
MNIST_SMLLAE_0.01_64_10_3.pth,0,0.8277062605230175,-0.16351774899295723,0.823147309223151
MNIST_SMLLAE_0.01_64_10_3.pth,1,0.9460216576832506,-0.21997807514373915,0.2463215492626433
MNIST_SMLLAE_0.01_64_10_3.pth,2,0.847857400948225,-0.14100914784013494,0.7200231965174217
MNIST_SMLLAE_0.01_64_10_3.pth,3,0.8514816732689886,-0.17149007433114868,0.7023447217159843
MNIST_SMLLAE_0.01_64_10_3.pth,4,0.8722108577030983,-0.1846532123190168,0.5982221380905698
MNIST_SMLLAE_0.01_64_10_3.pth,5,0.8631387258725316,-0.20189172688961177,0.6439734830571069
MNIST_SMLLAE_0.01_64_10_3.pth,6,0.8522723209509521,-0.14160610485008676,0.6978478150962788
MNIST_SMLLAE_0.01_64_10_3.pth,7,0.88148093333736,-0.2064045605986741,0.5521223747360505
MNIST_SMLLAE_0.01_64_10_3.pth,8,0.8453413036936852,-0.11738709200067256,0.7321713525582092
MNIST_SMLLAE_0.01_64_10_3.pth,9,0.8668191764943073,-0.1885778764616076,0.624411342130805
MNIST_SMLLAE_0.01_128_5_2.pth,0,0.8190017392440718,-0.20970351543698768,0.8714879705345558
MNIST_SMLLAE_0.01_128_5_2.pth,1,0.9422120125283229,-0.21276534139359893,0.26417969878218533
MNIST_SMLLAE_0.01_128_5_2.pth,2,0.844539691657983,-0.15686422696826818,0.7385139170782045
MNIST_SMLLAE_0.01_128_5_2.pth,3,0.8483810916395471,-0.19073473828474907,0.7197616762941006
MNIST_SMLLAE_0.01_128_5_2.pth,4,0.8716539393374487,-0.18189678504531892,0.6009945147879603
MNIST_SMLLAE_0.01_128_5_2.pth,5,0.8631817842812816,-0.22267851685486847,0.6451592168995468
MNIST_SMLLAE_0.01_128_5_2.pth,6,0.8510291002737456,-0.15696885058349455,0.7053595011790023
MNIST_SMLLAE_0.01_128_5_2.pth,7,0.8797066552049919,-0.20863650919592056,0.5610476261546368
MNIST_SMLLAE_0.01_128_5_2.pth,8,0.8405252730577144,-0.13800670657763944,0.7586128207895911
MNIST_SMLLAE_0.01_128_5_2.pth,9,0.8654207766824009,-0.18955008161218925,0.6316395074671496
MNIST_SMLLAE_0.001_128_20_2.pth,0,0.8160399247188957,-0.21366152188599438,0.8863644680801049
MNIST_SMLLAE_0.001_128_20_2.pth,1,0.9298006916361233,-0.21074952843197886,0.3197964140605682
MNIST_SMLLAE_0.001_128_20_2.pth,2,0.8393992259520893,-0.15782822084621717,0.7642689675875923
MNIST_SMLLAE_0.001_128_20_2.pth,3,0.8434498128914597,-0.1940185259337206,0.7443433540348252
MNIST_SMLLAE_0.001_128_20_2.pth,4,0.8654096921689641,-0.17897548284722062,0.6314970574230317
MNIST_SMLLAE_0.001_128_20_2.pth,5,0.8564173086074436,-0.22597774623214903,0.6784975296598466
MNIST_SMLLAE_0.001_128_20_2.pth,6,0.8458494193120889,-0.157388993070414,0.7311095227690821
MNIST_SMLLAE_0.001_128_20_2.pth,7,0.8742529599119253,-0.2073571841014949,0.5873865421680198
MNIST_SMLLAE_0.001_128_20_2.pth,8,0.8363292928349066,-0.14162719521497227,0.77989132473588
MNIST_SMLLAE_0.001_128_20_2.pth,9,0.8596522436505858,-0.18553576635270116,0.6599528945826788
MNIST_SMLLAE_0.001_128_20_3.pth,0,0.8149952702376307,-0.21499212106964677,0.8919970964458659
MNIST_SMLLAE_0.001_128_20_3.pth,1,0.9241456405181717,-0.20001600395506505,0.3459611060473947
MNIST_SMLLAE_0.001_128_20_3.pth,2,0.8389355049345845,-0.1580572286643416,0.7663024495921534
MNIST_SMLLAE_0.001_128_20_3.pth,3,0.8422664755051679,-0.1848412599406587,0.7497246241797992
MNIST_SMLLAE_0.001_128_20_3.pth,4,0.8640768696722819,-0.1753426943188688,0.6379497944234234
MNIST_SMLLAE_0.001_128_20_3.pth,5,0.8544575216524269,-0.21694657280858953,0.6877265646887258
MNIST_SMLLAE_0.001_128_20_3.pth,6,0.8445698078838421,-0.15779561635360628,0.7374990669875302
MNIST_SMLLAE_0.001_128_20_3.pth,7,0.8724061908772948,-0.20267027771205642,0.5962056222989367
MNIST_SMLLAE_0.001_128_20_3.pth,8,0.8358618127491929,-0.1318097883579036,0.7817849488003225
MNIST_SMLLAE_0.001_128_20_3.pth,9,0.8587960150716799,-0.18060007449477727,0.6639656296893921
MNIST_SMLLAE_0.01_128_20_1.pth,0,0.8229641634590772,-0.17675870577026095,0.8485302944106295
MNIST_SMLLAE_0.01_128_20_1.pth,1,0.9392002705960547,-0.2144342430473267,0.27730109657792257
MNIST_SMLLAE_0.01_128_20_1.pth,2,0.8458274593648984,-0.14945565943436961,0.7310200177806062
MNIST_SMLLAE_0.01_128_20_1.pth,3,0.8484718405964351,-0.17541399140210834,0.7180832254076739
MNIST_SMLLAE_0.01_128_20_1.pth,4,0.8730780669846505,-0.1936397932957437,0.5946359555453814
MNIST_SMLLAE_0.01_128_20_1.pth,5,0.8624424030962546,-0.2170276314394401,0.648661541974894
MNIST_SMLLAE_0.01_128_20_1.pth,6,0.8507117799527959,-0.15834207429472005,0.7066645990234928
MNIST_SMLLAE_0.01_128_20_1.pth,7,0.8804569472830583,-0.21628719648233583,0.5574943008466527
MNIST_SMLLAE_0.01_128_20_1.pth,8,0.8416688915885204,-0.123064473244435,0.7514268717852243
MNIST_SMLLAE_0.01_128_20_1.pth,9,0.8654635533232637,-0.1956967351720281,0.6314981721824986
MNIST_SMLLAE_0.01_128_5_3.pth,0,0.8220257349768464,-0.1838035447913972,0.8536473098620658
MNIST_SMLLAE_0.01_128_5_3.pth,1,0.9317375256101466,-0.20450606101241478,0.3109129437106296
MNIST_SMLLAE_0.01_128_5_3.pth,2,0.8449133752390395,-0.14562315400020878,0.7352628471639253
MNIST_SMLLAE_0.01_128_5_3.pth,3,0.8471340077348275,-0.1777136032283609,0.724715667434836
MNIST_SMLLAE_0.01_128_5_3.pth,4,0.8691621846434056,-0.17774696806392062,0.6129229985002612
MNIST_SMLLAE_0.01_128_5_3.pth,5,0.8595636896622021,-0.21246832219131476,0.6622534456213209
MNIST_SMLLAE_0.01_128_5_3.pth,6,0.8495286456727285,-0.15174218568176387,0.7119063427002331
MNIST_SMLLAE_0.01_128_5_3.pth,7,0.8785687647325056,-0.21053936023559838,0.5663702280835117
MNIST_SMLLAE_0.01_128_5_3.pth,8,0.8401893696745808,-0.12655409097402331,0.75929843468501
MNIST_SMLLAE_0.01_128_5_3.pth,9,0.8638174768954486,-0.1893455325478181,0.6392876039508468
MNIST_SMLLAE_0.0001_64_1_3.pth,0,1.251966837291815,-0.014639990653354348,-0.8867150414329107
MNIST_SMLLAE_0.0001_64_1_3.pth,1,1.6960852572571339,-0.021758084584105213,-2.2917643148043125
MNIST_SMLLAE_0.0001_64_1_3.pth,2,1.502937232339105,-0.02322066611016329,-1.7433764924267081
MNIST_SMLLAE_0.0001_64_1_3.pth,3,1.496179970066146,-0.02650315036905799,-1.7167378079335112
MNIST_SMLLAE_0.0001_64_1_3.pth,4,1.5754865378809073,-0.026014706845333534,-1.9670409387687902
MNIST_SMLLAE_0.0001_64_1_3.pth,5,1.525548000907684,-0.024027038580741504,-1.7999309283774587
MNIST_SMLLAE_0.0001_64_1_3.pth,6,1.5536509493447546,-0.024036581884280903,-1.905496494185837
MNIST_SMLLAE_0.0001_64_1_3.pth,7,1.5962277784769636,-0.038347864539222676,-2.0256179098294718
MNIST_SMLLAE_0.0001_64_1_3.pth,8,1.5132630592254153,-0.027200121997783013,-1.786757555424063
MNIST_SMLLAE_0.0001_64_1_3.pth,9,1.5673415301103657,-0.030345144490495243,-1.9463292351547776
MNIST_SMLLAE_0.01_128_5_1.pth,0,0.8195277307714735,-0.20072855092436392,0.8678405371999435
MNIST_SMLLAE_0.01_128_5_1.pth,1,0.9396187767058217,-0.21580044377193397,0.27520079532740555
MNIST_SMLLAE_0.01_128_5_1.pth,2,0.8452955165574717,-0.15506541839015567,0.7342853487314394
MNIST_SMLLAE_0.01_128_5_1.pth,3,0.8478981997707102,-0.18662334446749218,0.7218069916976521
MNIST_SMLLAE_0.01_128_5_1.pth,4,0.8728744636485144,-0.1908635038872685,0.5954066602640836
MNIST_SMLLAE_0.01_128_5_1.pth,5,0.8625301907148062,-0.22784558106078392,0.6486837730398799
MNIST_SMLLAE_0.01_128_5_1.pth,6,0.8500049218131007,-0.1579164781558159,0.7105998859704855
MNIST_SMLLAE_0.01_128_5_1.pth,7,0.8808439549652983,-0.21849208066696155,0.5556987840512949
MNIST_SMLLAE_0.01_128_5_1.pth,8,0.8393406281725827,-0.1364590594230085,0.7645665652642353
MNIST_SMLLAE_0.01_128_5_1.pth,9,0.8651720461453153,-0.19455585014060098,0.6329299801022301
MNIST_SMLLAE_0.01_128_20_3.pth,0,0.828178723369326,-0.1570058447256909,0.8203745296640752
MNIST_SMLLAE_0.01_128_20_3.pth,1,0.9300414525989918,-0.20329824875936722,0.31837316315728736
MNIST_SMLLAE_0.01_128_20_3.pth,2,0.8476816775031792,-0.12221561611506175,0.7201456674064427
MNIST_SMLLAE_0.01_128_20_3.pth,3,0.8505492889054931,-0.1476255469976005,0.7060460265586023
MNIST_SMLLAE_0.01_128_20_3.pth,4,0.8692055117574098,-0.17641753923322187,0.6126101680805688
MNIST_SMLLAE_0.01_128_20_3.pth,5,0.860958812014939,-0.18756215145868382,0.6543516919113329
MNIST_SMLLAE_0.01_128_20_3.pth,6,0.8511212096084881,-0.13441899859152384,0.7032152333898584
MNIST_SMLLAE_0.01_128_20_3.pth,7,0.877485074073888,-0.19439927971147006,0.5709823391507879
MNIST_SMLLAE_0.01_128_20_3.pth,8,0.846581781240949,-0.09811475569413981,0.7251934575511928
MNIST_SMLLAE_0.01_128_20_3.pth,9,0.8642054458912112,-0.1708468729572988,0.6366685278532243
MNIST_SMLLAE_0.001_128_20_1.pth,0,0.8154449928171781,-0.21741651467513062,0.8897843441972269
MNIST_SMLLAE_0.001_128_20_1.pth,1,0.9274632671330993,-0.20595860791305504,0.330595091892187
MNIST_SMLLAE_0.001_128_20_1.pth,2,0.8394839779235596,-0.15831448096408618,0.7636890893768978
MNIST_SMLLAE_0.001_128_20_1.pth,3,0.84343990754373,-0.1913852033791349,0.744170787000569
MNIST_SMLLAE_0.001_128_20_1.pth,4,0.8652260290750904,-0.17893647406087143,0.6324160508757495
MNIST_SMLLAE_0.001_128_20_1.pth,5,0.8562999679769636,-0.22603298217775863,0.6789065322127987
MNIST_SMLLAE_0.001_128_20_1.pth,6,0.8451924019790641,-0.15982731913541529,0.7345881084079459
MNIST_SMLLAE_0.001_128_20_1.pth,7,0.8744307482752819,-0.21061773279978302,0.586689887516141
MNIST_SMLLAE_0.001_128_20_1.pth,8,0.8357948539071014,-0.13961181145000792,0.7826334704643906
MNIST_SMLLAE_0.001_128_20_1.pth,9,0.8597222692430079,-0.18871749695652756,0.659763783853494
MNIST_SMLLAE_0.01_128_20_2.pth,0,0.818289729770349,-0.20582241657299852,0.8747560007251597
MNIST_SMLLAE_0.01_128_20_2.pth,1,0.9561501822282564,-0.2250194694904839,0.20160261146219338
MNIST_SMLLAE_0.01_128_20_2.pth,2,0.8440081798868586,-0.16532178089713137,0.7415218029053906
MNIST_SMLLAE_0.01_128_20_2.pth,3,0.8483742218796569,-0.19308720992333425,0.7197817765684651
MNIST_SMLLAE_0.01_128_20_2.pth,4,0.8726606446103992,-0.19114823966351568,0.5965561160354282
MNIST_SMLLAE_0.01_128_20_2.pth,5,0.861651762317649,-0.2317534972846545,0.653038075060498
MNIST_SMLLAE_0.01_128_20_2.pth,6,0.8503841562410486,-0.15973782021009478,0.7085900104085406
MNIST_SMLLAE_0.01_128_20_2.pth,7,0.8815127883671786,-0.21424481641783824,0.5528085389955496
MNIST_SMLLAE_0.01_128_20_2.pth,8,0.8402266236790886,-0.1379693168326236,0.7598067435639414
MNIST_SMLLAE_0.01_128_20_2.pth,9,0.8657508986319966,-0.19401400643846062,0.6302729291241864
MNIST_SMLLAE_0.01_128_1_4.pth,0,0.8513281566756112,-0.10073219253017344,0.7010282717577735
MNIST_SMLLAE_0.01_128_1_4.pth,1,0.951184540330576,-0.17572261993725177,0.22097347528638348
MNIST_SMLLAE_0.01_128_1_4.pth,2,0.8743142414578172,-0.09737178148216293,0.5878623527115152
MNIST_SMLLAE_0.01_128_1_4.pth,3,0.8721434616806484,-0.0947375265381787,0.5972548427135596
MNIST_SMLLAE_0.01_128_1_4.pth,4,0.8952871694584242,-0.1262603304121002,0.48474073131323236
MNIST_SMLLAE_0.01_128_1_4.pth,5,0.8894870958119765,-0.11864286125046086,0.5136222624404084
MNIST_SMLLAE_0.01_128_1_4.pth,6,0.8785068044956144,-0.12102159826434654,0.5679003828833106
MNIST_SMLLAE_0.01_128_1_4.pth,7,0.8949771429546148,-0.15613805894187566,0.48566992467980113
MNIST_SMLLAE_0.01_128_1_4.pth,8,0.8669897478219175,-0.07429970194567738,0.6227071358278604
MNIST_SMLLAE_0.01_128_1_4.pth,9,0.8840668293009665,-0.12943765750113953,0.5383388258071106
MNIST_SMLLAE_0.0001_64_1_4.pth,0,0.9681105774276111,-0.024595577837718516,0.15004053087641211
MNIST_SMLLAE_0.0001_64_1_4.pth,1,1.5881703529063826,-0.0773606879361605,-1.97953709687129
MNIST_SMLLAE_0.0001_64_1_4.pth,2,1.1788624028364818,-0.04388326186097297,-0.6343116473123392
MNIST_SMLLAE_0.0001_64_1_4.pth,3,1.303612196445465,-0.07295187793945462,-1.0777988118102435
MNIST_SMLLAE_0.0001_64_1_4.pth,4,1.4986200898946425,-0.047203088398071934,-1.7219160845456392
MNIST_SMLLAE_0.0001_64_1_4.pth,5,1.2450376138959764,-0.06957764443747959,-0.870456200595011
MNIST_SMLLAE_0.0001_64_1_4.pth,6,1.309281398831927,-0.0524222556165143,-1.081443960169136
MNIST_SMLLAE_0.0001_64_1_4.pth,7,1.4986065382043676,-0.06556535726283419,-1.7156195505233947
MNIST_SMLLAE_0.0001_64_1_4.pth,8,1.3790633205393257,-0.07112432464223395,-1.3441698682503267
MNIST_SMLLAE_0.0001_64_1_4.pth,9,1.494388003356393,-0.06698729487231118,-1.7195899039082583
MNIST_SMLLAE_0.01_128_5_4.pth,0,0.8197681309009085,-0.19706626205963632,0.8664729185780669
MNIST_SMLLAE_0.01_128_5_4.pth,1,0.929808676032768,-0.19916947765576412,0.319994502744781
MNIST_SMLLAE_0.01_128_5_4.pth,2,0.8436137146150419,-0.1468344552164245,0.7423028432271993
MNIST_SMLLAE_0.01_128_5_4.pth,3,0.84731830328998,-0.17335420615978867,0.7239841699047133
MNIST_SMLLAE_0.01_128_5_4.pth,4,0.8690006505326195,-0.16787783987540947,0.6134113526438982
MNIST_SMLLAE_0.01_128_5_4.pth,5,0.8593698160664383,-0.20751181772793706,0.6630222965571174
MNIST_SMLLAE_0.01_128_5_4.pth,6,0.8495377933680389,-0.14659236644884788,0.7120539210881429
MNIST_SMLLAE_0.01_128_5_4.pth,7,0.8768350591571414,-0.19594390763058023,0.574405571923291
MNIST_SMLLAE_0.01_128_5_4.pth,8,0.8400321489609243,-0.12522466254770362,0.760202450116979
MNIST_SMLLAE_0.01_128_5_4.pth,9,0.8635171949568069,-0.1749707824472503,0.6403405543120603
MNIST_SMLLAE_0.001_128_20_4.pth,0,0.8138446294531531,-0.21050026900226085,0.8980465293533174
MNIST_SMLLAE_0.001_128_20_4.pth,1,0.9231581683726038,-0.19913234796348694,0.35035706112513604
MNIST_SMLLAE_0.001_128_20_4.pth,2,0.838341204926025,-0.15389975720367677,0.7695330961151489
MNIST_SMLLAE_0.001_128_20_4.pth,3,0.8414301503412794,-0.18672014865230122,0.7542660048344288
MNIST_SMLLAE_0.001_128_20_4.pth,4,0.8630477624609612,-0.1679715769638923,0.6428539374170624
MNIST_SMLLAE_0.001_128_20_4.pth,5,0.8538889234108775,-0.21636514768670348,0.6907236120484109
MNIST_SMLLAE_0.001_128_20_4.pth,6,0.8437075051858182,-0.1516064498544176,0.7418278747486868
MNIST_SMLLAE_0.001_128_20_4.pth,7,0.8716295089007352,-0.19945760234926832,0.6000100037922147
MNIST_SMLLAE_0.001_128_20_4.pth,8,0.8348485446196562,-0.13029926803243763,0.787168064997642
MNIST_SMLLAE_0.001_128_20_4.pth,9,0.858189968394099,-0.17623350100576438,0.6669427399358061
MNIST_SMLLAE_0.01_128_1_3.pth,0,0.8843994608338999,-0.07745173846281986,0.5378164762624437
MNIST_SMLLAE_0.01_128_1_3.pth,1,1.0084750270528415,-0.14338402042217116,-0.032469310944168904
MNIST_SMLLAE_0.01_128_1_3.pth,2,0.9256201580513356,-0.07792837866322622,0.3456773801120669
MNIST_SMLLAE_0.01_128_1_3.pth,3,0.9165276475472025,-0.057265957533442685,0.38266405657619224
MNIST_SMLLAE_0.01_128_1_3.pth,4,0.9762509695259957,-0.1305994736607385,0.11175839360430184
MNIST_SMLLAE_0.01_128_1_3.pth,5,0.9579999879203035,-0.09157749587870705,0.2013551179163411
MNIST_SMLLAE_0.01_128_1_3.pth,6,0.9380013260811505,-0.10593579787903898,0.2866114957065655
MNIST_SMLLAE_0.01_128_1_3.pth,7,0.9966421184720696,-0.17164960106768185,0.02215241838534947
MNIST_SMLLAE_0.01_128_1_3.pth,8,0.9181134554517343,-0.07098411453183301,0.3770940507366744
MNIST_SMLLAE_0.01_128_1_3.pth,9,0.9586144139320101,-0.14091190531481268,0.18952058389394993
MNIST_SMLLAE_0.01_128_20_4.pth,0,0.8219028728957078,-0.18807279483574307,0.8544466072086581
MNIST_SMLLAE_0.01_128_20_4.pth,1,0.9482893277895083,-0.2183386744393129,0.2368696224365773
MNIST_SMLLAE_0.01_128_20_4.pth,2,0.8460821483948434,-0.144260722418009,0.729079694069231
MNIST_SMLLAE_0.01_128_20_4.pth,3,0.848610108146573,-0.1769360619733808,0.7171989758257181
MNIST_SMLLAE_0.01_128_20_4.pth,4,0.8693328794175399,-0.1793838082140455,0.6120935153677979
MNIST_SMLLAE_0.01_128_20_4.pth,5,0.8605458114981117,-0.2065721401215427,0.6571109154271018
MNIST_SMLLAE_0.01_128_20_4.pth,6,0.8509345969850186,-0.14511683307984682,0.7046978366209777
MNIST_SMLLAE_0.01_128_20_4.pth,7,0.8788965724205693,-0.2048845557965605,0.5645214112277313
MNIST_SMLLAE_0.01_128_20_4.pth,8,0.8424029177096835,-0.1207976137539721,0.7475233713023166
MNIST_SMLLAE_0.01_128_20_4.pth,9,0.8636317000871134,-0.17957426249734132,0.6399050086341688
MNIST_SMLLAE_0.0001_64_10_3.pth,0,0.8378229924610683,-0.1431906276816376,0.7720463814069284
MNIST_SMLLAE_0.0001_64_10_3.pth,1,1.0474421794193958,-0.22711878834804988,-0.195204450963135
MNIST_SMLLAE_0.0001_64_10_3.pth,2,0.8846580542104189,-0.1628523751662027,0.5417530056265762
MNIST_SMLLAE_0.0001_64_10_3.pth,3,0.8765203598702308,-0.15513731090011287,0.5800593637330315
MNIST_SMLLAE_0.0001_64_10_3.pth,4,0.9494041591093643,-0.2068480830544703,0.23468217594084614
MNIST_SMLLAE_0.0001_64_10_3.pth,5,0.8947861255418025,-0.17741284336896035,0.4944832531945837
MNIST_SMLLAE_0.0001_64_10_3.pth,6,0.9039899856163216,-0.18096653422813685,0.44867462378595996
MNIST_SMLLAE_0.0001_64_10_3.pth,7,0.9492541772498231,-0.23623888768846657,0.23673057759553587
MNIST_SMLLAE_0.0001_64_10_3.pth,8,0.8760701777141932,-0.13461350279253426,0.5825942505125377
MNIST_SMLLAE_0.0001_64_10_3.pth,9,0.932159151029067,-0.21321589271837965,0.3144213272870085
MNIST_SMLLAE_0.01_64_20_1.pth,0,0.8201127529752498,-0.20392474702169278,0.8647434937568458
MNIST_SMLLAE_0.01_64_20_1.pth,1,0.9545932307642462,-0.22439962773032057,0.208725129136042
MNIST_SMLLAE_0.01_64_20_1.pth,2,0.8467505744607874,-0.15769852913038865,0.7267373485482329
MNIST_SMLLAE_0.01_64_20_1.pth,3,0.8500678425968283,-0.17763006982930826,0.710111215244186
MNIST_SMLLAE_0.01_64_20_1.pth,4,0.8752076502001699,-0.19682658286452778,0.5840308061357288
MNIST_SMLLAE_0.01_64_20_1.pth,5,0.8631781065009635,-0.2185528178355869,0.6445744262274091
MNIST_SMLLAE_0.01_64_20_1.pth,6,0.8525841697148341,-0.17331080787513634,0.6977348119586153
MNIST_SMLLAE_0.01_64_20_1.pth,7,0.8818577679910549,-0.21641818962718326,0.5507594722855169
MNIST_SMLLAE_0.01_64_20_1.pth,8,0.8423332541385471,-0.13765812445652342,0.7488031829981411
MNIST_SMLLAE_0.01_64_20_1.pth,9,0.8673616455142397,-0.1970843283065995,0.6220161366686682
MNIST_SMLLAE_0.0001_128_10_4.pth,0,0.8670710813634249,-0.10691009656608358,0.6251309631754262
MNIST_SMLLAE_0.0001_128_10_4.pth,1,1.224716124135492,-0.21952773672673262,-0.864012669795953
MNIST_SMLLAE_0.0001_128_10_4.pth,2,0.9304017340836599,-0.15259778013099481,0.34008789530530287
MNIST_SMLLAE_0.0001_128_10_4.pth,3,1.0056093825562165,-0.22320337092707837,0.0055613299749712125
MNIST_SMLLAE_0.0001_128_10_4.pth,4,1.0474453174533767,-0.21915715024822485,-0.16768199544558465
MNIST_SMLLAE_0.0001_128_10_4.pth,5,0.9724462211399335,-0.23553714301774265,0.14625207613809887
MNIST_SMLLAE_0.0001_128_10_4.pth,6,0.9251936532261477,-0.15512267888137285,0.36210232780967216
MNIST_SMLLAE_0.0001_128_10_4.pth,7,1.1130042029725902,-0.2523025602853414,-0.44352637002436995
MNIST_SMLLAE_0.0001_128_10_4.pth,8,1.0104877118946836,-0.18521393670561093,-0.016105517628813067
MNIST_SMLLAE_0.0001_128_10_4.pth,9,1.0742375878441794,-0.24040307775128844,-0.2861804156966695
MNIST_SMLLAE_0.01_32_10_4.pth,0,0.8257940290533766,-0.16987852376944856,0.8340030232123515
MNIST_SMLLAE_0.01_32_10_4.pth,1,0.9344679928035988,-0.20201035652161786,0.29865684845582097
MNIST_SMLLAE_0.01_32_10_4.pth,2,0.8491674468152283,-0.13426487922901867,0.7135655397189014
MNIST_SMLLAE_0.01_32_10_4.pth,3,0.8520710506061516,-0.15472963814991317,0.6990451713967621
MNIST_SMLLAE_0.01_32_10_4.pth,4,0.8739113193422616,-0.16363978628661316,0.5888044086962272
MNIST_SMLLAE_0.01_32_10_4.pth,5,0.8642625168567281,-0.18868649118314346,0.6382809645376768
MNIST_SMLLAE_0.01_32_10_4.pth,6,0.8559991523841228,-0.14731913237293626,0.679773925762656
MNIST_SMLLAE_0.01_32_10_4.pth,7,0.8797311062130947,-0.18131981747150902,0.5595801103301064
MNIST_SMLLAE_0.01_32_10_4.pth,8,0.8456505409133998,-0.1160712593215202,0.7311703428683072
MNIST_SMLLAE_0.01_32_10_4.pth,9,0.8676975303882414,-0.1677773504072502,0.6192206091177748
MNIST_SMLLAE_0.01_64_20_3.pth,0,0.8273805654778772,-0.16136990447007976,0.8247891825670414
MNIST_SMLLAE_0.01_64_20_3.pth,1,0.937533400394843,-0.21181987051949835,0.2843139320072889
MNIST_SMLLAE_0.01_64_20_3.pth,2,0.8481747059859046,-0.14135708480490145,0.718493158769467
MNIST_SMLLAE_0.01_64_20_3.pth,3,0.8511169168028501,-0.1679478983375884,0.7037937910220382
MNIST_SMLLAE_0.01_64_20_3.pth,4,0.8723645626041894,-0.17695142492418994,0.5971107693134076
MNIST_SMLLAE_0.01_64_20_3.pth,5,0.8622403858488451,-0.19439917225324987,0.6482377749740016
MNIST_SMLLAE_0.01_64_20_3.pth,6,0.8521071273623528,-0.14135472625923792,0.698645403750613
MNIST_SMLLAE_0.01_64_20_3.pth,7,0.8819886974207622,-0.2036687926981182,0.5492365177921816
MNIST_SMLLAE_0.01_64_20_3.pth,8,0.8456230334922273,-0.11187549370636533,0.7305335285276104
MNIST_SMLLAE_0.01_64_20_3.pth,9,0.8668783688096272,-0.1822494257700873,0.6236939730762002
MNIST_SMLLAE_0.01_64_20_2.pth,0,0.8246237607026586,-0.17864726107296502,0.8398773748552882
MNIST_SMLLAE_0.01_64_20_2.pth,1,0.9434692727311592,-0.2142029642831837,0.2582289273551897
MNIST_SMLLAE_0.01_64_20_2.pth,2,0.8474149517426195,-0.14090324273805938,0.7224873847183266
MNIST_SMLLAE_0.01_64_20_2.pth,3,0.8506885844882172,-0.16682042774255143,0.7062066666183826
MNIST_SMLLAE_0.01_64_20_2.pth,4,0.8715126591520251,-0.1725906646679582,0.6010337529914579
MNIST_SMLLAE_0.01_64_20_2.pth,5,0.8636713656074798,-0.20505945780705082,0.6414551402209199
MNIST_SMLLAE_0.01_64_20_2.pth,6,0.8525532470988829,-0.14657478853941477,0.6963126700582545
MNIST_SMLLAE_0.01_64_20_2.pth,7,0.8803284378715063,-0.20541153279723545,0.5574695397736793
MNIST_SMLLAE_0.01_64_20_2.pth,8,0.844163807571791,-0.11851025188585189,0.7384672152388463
MNIST_SMLLAE_0.01_64_20_2.pth,9,0.8662741062544264,-0.18094535115865193,0.6267364991069484
MNIST_SMLLAE_0.0001_32_1_4.pth,0,0.9163907215303304,-0.018129179172377646,0.38054775073090275
MNIST_SMLLAE_0.0001_32_1_4.pth,1,1.2759876411916926,-0.10358224280291445,-1.018587500497438
MNIST_SMLLAE_0.0001_32_1_4.pth,2,1.001026757812315,-0.034634329712454746,0.029160983666795297
MNIST_SMLLAE_0.0001_32_1_4.pth,3,1.0296634366016577,-0.06317660544388562,-0.09035801414228743
MNIST_SMLLAE_0.0001_32_1_4.pth,4,1.3353495460056723,-0.06159168166283431,-1.203533649862364
MNIST_SMLLAE_0.0001_32_1_4.pth,5,1.0215651074867078,-0.05703172508499656,-0.05786155789422808
MNIST_SMLLAE_0.0001_32_1_4.pth,6,1.0349176776185165,-0.044316655898130115,-0.10737892608576287
MNIST_SMLLAE_0.0001_32_1_4.pth,7,1.2542029748514933,-0.08851976949174835,-0.9340432560461265
MNIST_SMLLAE_0.0001_32_1_4.pth,8,1.100999595631809,-0.06223833081719808,-0.366176306642809
MNIST_SMLLAE_0.0001_32_1_4.pth,9,1.3336089644488778,-0.08842936602932466,-1.2072857939018327
MNIST_SMLLAE_0.001_64_10_3.pth,0,0.8130720890298182,-0.21032464089048314,0.9024173579743588
MNIST_SMLLAE_0.001_64_10_3.pth,1,0.921586536363358,-0.18860766495793502,0.35754317738540264
MNIST_SMLLAE_0.001_64_10_3.pth,2,0.8387422671960306,-0.14844742916458714,0.767243282489111
MNIST_SMLLAE_0.001_64_10_3.pth,3,0.8422978149782313,-0.1767753424563574,0.7494163189087917
MNIST_SMLLAE_0.001_64_10_3.pth,4,0.8634604560988983,-0.16703544347144583,0.6407682376084252
MNIST_SMLLAE_0.001_64_10_3.pth,5,0.8544081296487774,-0.21167941082769987,0.6880071638125238
MNIST_SMLLAE_0.001_64_10_3.pth,6,0.8443370434710278,-0.14972730905753115,0.7386809952183652
MNIST_SMLLAE_0.001_64_10_3.pth,7,0.871744086422345,-0.19576432590479392,0.599237972278871
MNIST_SMLLAE_0.001_64_10_3.pth,8,0.8357376936647192,-0.12534938793453992,0.7826475616490519
MNIST_SMLLAE_0.001_64_10_3.pth,9,0.8586609321023357,-0.17376985555101537,0.6646228690174794
MNIST_SMLLAE_0.0001_128_10_3.pth,0,0.9438541526088909,-0.13404524877386026,0.26474507979026424
MNIST_SMLLAE_0.0001_128_10_3.pth,1,1.2083884984386124,-0.21787790341850136,-0.811360030556892
MNIST_SMLLAE_0.0001_128_10_3.pth,2,1.093602293452551,-0.17542882669984108,-0.37161340056808617
MNIST_SMLLAE_0.0001_128_10_3.pth,3,1.1075057317124735,-0.19098595430776105,-0.4269782449253354
MNIST_SMLLAE_0.0001_128_10_3.pth,4,1.1519198438907592,-0.19711843962947978,-0.600760763461355
MNIST_SMLLAE_0.0001_128_10_3.pth,5,1.1345772258770306,-0.19647105810704116,-0.5265782083177921
MNIST_SMLLAE_0.0001_128_10_3.pth,6,1.087013701556371,-0.18444318602712992,-0.34166748841712213
MNIST_SMLLAE_0.0001_128_10_3.pth,7,1.156073969509815,-0.21936256193872486,-0.6168742844239249
MNIST_SMLLAE_0.0001_128_10_3.pth,8,1.0976064081554295,-0.167580463518708,-0.3875776655740565
MNIST_SMLLAE_0.0001_128_10_3.pth,9,1.1331725954655023,-0.20995228769054403,-0.5302760964428115
MNIST_SMLLAE_0.0001_64_10_4.pth,0,0.8332961308712862,-0.1467250317892978,0.7949035621953326
MNIST_SMLLAE_0.0001_64_10_4.pth,1,1.0150620654290994,-0.21406019558051953,-0.0535682695621243
MNIST_SMLLAE_0.0001_64_10_4.pth,2,0.8619652041631152,-0.12711712124612765,0.6511194390457801
MNIST_SMLLAE_0.0001_64_10_4.pth,3,0.8814405763503348,-0.16810615991083397,0.558120276411477
MNIST_SMLLAE_0.0001_64_10_4.pth,4,0.9049446834687546,-0.18086906309094408,0.44262992691389313
MNIST_SMLLAE_0.0001_64_10_4.pth,5,0.8871354334423894,-0.19958753031660392,0.5291046898328563
MNIST_SMLLAE_0.0001_64_10_4.pth,6,0.8613098693665483,-0.13337796846608058,0.6536852385252381
MNIST_SMLLAE_0.0001_64_10_4.pth,7,0.9685467494948828,-0.2354253905289127,0.14883397287669975
MNIST_SMLLAE_0.0001_64_10_4.pth,8,0.8792597289202884,-0.133218367235583,0.5671063061620152
MNIST_SMLLAE_0.0001_64_10_4.pth,9,0.9249316435030359,-0.20713740258798172,0.34845847320512136
MNIST_SMLLAE_0.001_64_10_4.pth,0,0.8136525971548898,-0.2150640427510619,0.8993392598480658
MNIST_SMLLAE_0.001_64_10_4.pth,1,0.9200144542471428,-0.19072489332156276,0.36483555795206773
MNIST_SMLLAE_0.001_64_10_4.pth,2,0.8380121804716051,-0.15734700187676903,0.7712964203084144
MNIST_SMLLAE_0.001_64_10_4.pth,3,0.8415047407740414,-0.19032156018652752,0.7540378204620246
MNIST_SMLLAE_0.001_64_10_4.pth,4,0.8633340376821895,-0.17421990570271603,0.6415403603202792
MNIST_SMLLAE_0.001_64_10_4.pth,5,0.8539993230403806,-0.22012784321298046,0.6902886168072477
MNIST_SMLLAE_0.001_64_10_4.pth,6,0.8440250344963313,-0.1520617225584982,0.7401169084489907
MNIST_SMLLAE_0.001_64_10_4.pth,7,0.8718518433867726,-0.20232726460171438,0.5988744787335193
MNIST_SMLLAE_0.001_64_10_4.pth,8,0.8343938051185569,-0.13501406831220322,0.7896761136305896
MNIST_SMLLAE_0.001_64_10_4.pth,9,0.8585022128490792,-0.1810721142705911,0.6655006458803822
MNIST_SMLLAE_0.0001_32_1_3.pth,0,1.1054472623430953,-0.012213280858246144,-0.35115233123194073
MNIST_SMLLAE_0.0001_32_1_3.pth,1,1.6135155927242162,-0.015901342698858106,-2.072430508684018
MNIST_SMLLAE_0.0001_32_1_3.pth,2,1.2735450284541114,-0.012163308318179866,-0.9572468884431887
MNIST_SMLLAE_0.0001_32_1_3.pth,3,1.0625830702262349,-0.012246903429596933,-0.19273821632099328
MNIST_SMLLAE_0.0001_32_1_3.pth,4,1.5398626133283626,-0.015161314577071988,-1.8722551705620805
MNIST_SMLLAE_0.0001_32_1_3.pth,5,1.211238522567022,-0.014664578763677015,-0.7145724454727543
MNIST_SMLLAE_0.0001_32_1_3.pth,6,1.4962297342639874,-0.02033390361141723,-1.7406837908103912
MNIST_SMLLAE_0.0001_32_1_3.pth,7,1.5175689121396625,-0.019775875770796248,-1.7829864074782835
MNIST_SMLLAE_0.0001_32_1_3.pth,8,1.1330028701979031,-0.015007960297005815,-0.4517810585491804
MNIST_SMLLAE_0.0001_32_1_3.pth,9,1.4877284442705017,-0.019378002857529185,-1.699017740176611
MNIST_SMLLAE_0.01_64_20_4.pth,0,0.8223826151721332,-0.18528347004283413,0.8520689228760775
MNIST_SMLLAE_0.01_64_20_4.pth,1,0.942863163391399,-0.2092509323066654,0.2604530488340862
MNIST_SMLLAE_0.01_64_20_4.pth,2,0.8462484534974246,-0.14557047598949663,0.7285649182745013
MNIST_SMLLAE_0.01_64_20_4.pth,3,0.8491737241202062,-0.17299133267556613,0.7143944984082433
MNIST_SMLLAE_0.01_64_20_4.pth,4,0.8717431328325796,-0.17744813064993586,0.6000505514195895
MNIST_SMLLAE_0.01_64_20_4.pth,5,0.8621359596471615,-0.20589140141275192,0.649204104212399
MNIST_SMLLAE_0.01_64_20_4.pth,6,0.8518701840915361,-0.14832226614709967,0.7002378033862663
MNIST_SMLLAE_0.01_64_20_4.pth,7,0.8781477363077119,-0.20324157532061637,0.5681219711738753
MNIST_SMLLAE_0.01_64_20_4.pth,8,0.8423444169747512,-0.1215123959051088,0.7479901672912865
MNIST_SMLLAE_0.01_64_20_4.pth,9,0.8652687206258859,-0.1756718024533919,0.6315442761326048
MNIST_SMLLAE_0.01_32_10_3.pth,0,0.8289865012679781,-0.16222075069637995,0.8166154480337641
MNIST_SMLLAE_0.01_32_10_3.pth,1,0.9319952653368139,-0.19406753190417791,0.3093322687934857
MNIST_SMLLAE_0.01_32_10_3.pth,2,0.8491892640211786,-0.13894754540339505,0.7136415365027011
MNIST_SMLLAE_0.01_32_10_3.pth,3,0.8529576809099405,-0.16530706606342707,0.6949774423097689
MNIST_SMLLAE_0.01_32_10_3.pth,4,0.8745605958333569,-0.1740581643728387,0.5864989629294947
MNIST_SMLLAE_0.01_32_10_3.pth,5,0.8652557179398601,-0.1967143770019173,0.6334059664208356
MNIST_SMLLAE_0.01_32_10_3.pth,6,0.8532827737933658,-0.1408019390092203,0.6930403893746988
MNIST_SMLLAE_0.01_32_10_3.pth,7,0.8843591824347871,-0.20354234891625905,0.5378465488939813
MNIST_SMLLAE_0.01_32_10_3.pth,8,0.8466020239941638,-0.1124936443468173,0.7259089388544195
MNIST_SMLLAE_0.01_32_10_3.pth,9,0.8694545402162965,-0.18149453537090202,0.6113621251288628
