Dataset,Model,Latent Size,Seed,Loss
CIFAR10,PCKTAE,100,1,0.0016796637899325708
CIFAR10,PCKTAE,100,1,0.0016796637899325708
CIFAR10,PCKTAE,100,1,0.0016796637899325708
CIFAR10,PCKTAE,100,1,0.0014374158568465916
CIFAR10,PCKTAE,100,1,0.0014123816886926284
CIFAR10,PCKTAE,100,1,0.0014051234589584764
CIFAR10,PCKTAE,100,1,0.001402429681357063
CIFAR10,PCKTAE,100,1,0.0014000975912736961
CIFAR10,PCKTAE,100,1,0.0013976031232534735
CIFAR10,PCKTAE,100,1,0.0013949412508936756
CIFAR10,PCKTAE,100,1,0.001393554206101505
CIFAR10,PCKTAE,100,1,0.0013931807323509012
CIFAR10,PCKTAE,100,1,0.0013929054860378166
CIFAR10,PCKTAE,100,1,0.0013933959884492829
CIFAR10,PCKTAE,100,1,0.0013934169792334365
CIFAR10,PCKTAE,100,1,0.0013926074437587462
CIFAR10,PCKTAE,100,1,0.0013939680694185596
CIFAR10,PCKTAE,100,1,0.0013935221889106286
CIFAR10,PCKTAE,100,1,0.001393955336083346
CIFAR10,PCKTAE,100,1,0.0013941660079190418
CIFAR10,PCKTAE,100,1,0.0013939606241972359
CIFAR10,PCKTAE,100,1,0.001393658485647072
CIFAR10,PCKTAE,100,1,0.001239372607426647
CIFAR10,PCKTAE,500,1,0.0016576443165254868
CIFAR10,PCKTAE,500,1,0.0014610234799835346
CIFAR10,PCKTAE,500,1,0.0014203287672389614
CIFAR10,PCKTAE,500,1,0.0014109478565528417
CIFAR10,PCKTAE,500,1,0.0014054652463044504
CIFAR10,PCKTAE,500,1,0.0014002377457935792
CIFAR10,PCKTAE,500,1,0.001397650582594392
CIFAR10,PCKTAE,500,1,0.001397128208585636
CIFAR10,PCKTAE,500,1,0.0013966152106252168
CIFAR10,PCKTAE,500,1,0.0013954125033915424
CIFAR10,PCKTAE,500,1,0.001395941623831954
CIFAR10,PCKTAE,500,1,0.0013963528238880017
CIFAR10,PCKTAE,500,1,0.001396572034236739
CIFAR10,PCKTAE,500,1,0.001396570954343204
CIFAR10,PCKTAE,500,1,0.0013961144178138707
CIFAR10,PCKTAE,500,1,0.0013965482072061514
CIFAR10,PCKTAE,500,1,0.001396629348983202
CIFAR10,PCKTAE,500,1,0.0013963597421141347
CIFAR10,PCKTAE,500,1,0.0013967935794421359
CIFAR10,PCKTAE,500,1,0.0013968623469552725
CIFAR10,PCKTAE,500,1,0.0012339514774517924
CIFAR10,PCKTAE,1000,1,0.0016681879337238686
CIFAR10,PCKTAE,1000,1,0.001468227098129042
CIFAR10,PCKTAE,1000,1,0.0014295031103993888
CIFAR10,PCKTAE,1000,1,0.0014178517290636364
CIFAR10,PCKTAE,1000,1,0.0014101582346484065
CIFAR10,PCKTAE,1000,1,0.0014035950413049982
CIFAR10,PCKTAE,1000,1,0.0014027995578444485
CIFAR10,PCKTAE,1000,1,0.0014081701705984944
CIFAR10,PCKTAE,1000,1,0.001402004229505082
CIFAR10,PCKTAE,1000,1,0.0014018089789778108
CIFAR10,PCKTAE,1000,1,0.0014408505694402376
CIFAR10,PCKTAE,1000,1,0.001477595483896125
CIFAR10,PCKTAE,1000,1,0.0014159016792312303
CIFAR10,PCKTAE,1000,1,0.0014040905084875424
CIFAR10,PCKTAE,1000,1,0.0014639875796192403
CIFAR10,PCKTAE,1000,1,0.0014120988652605534
CIFAR10,PCKTAE,1000,1,0.0014049681903951614
CIFAR10,PCKTAE,1000,1,0.00147825622004564
CIFAR10,PCKTAE,1000,1,0.0014077047031382313
CIFAR10,PCKTAE,1000,1,0.0014043688759817492
CIFAR10,PCKTAE,1000,1,0.0012733831653913743
CIFAR10,PCKTAE,100,2,0.0016536879209715807
CIFAR10,PCKTAE,100,2,0.0014452239396669866
CIFAR10,PCKTAE,100,2,0.0014104569590438509
CIFAR10,PCKTAE,100,2,0.001405000694982155
CIFAR10,PCKTAE,100,2,0.0014014875116136372
CIFAR10,PCKTAE,100,2,0.001397510273846538
CIFAR10,PCKTAE,100,2,0.0013960352875506672
CIFAR10,PCKTAE,100,2,0.0013937053599340074
CIFAR10,PCKTAE,100,2,0.0013938222296031007
CIFAR10,PCKTAE,100,2,0.0013940072504689206
CIFAR10,PCKTAE,100,2,0.0013933412878371567
CIFAR10,PCKTAE,100,2,0.0013933400236441733
CIFAR10,PCKTAE,100,2,0.0013937471062897722
CIFAR10,PCKTAE,100,2,0.001393676036075615
CIFAR10,PCKTAE,100,2,0.0013932146595271727
CIFAR10,PCKTAE,100,2,0.0013939473474912745
CIFAR10,PCKTAE,100,2,0.0013934533445812438
CIFAR10,PCKTAE,100,2,0.0013934057926439948
CIFAR10,PCKTAE,100,2,0.001393396978128387
CIFAR10,PCKTAE,100,2,0.0013945053725758249
CIFAR10,PCKTAE,100,2,0.001217723597147608
CIFAR10,PCKTAE,500,2,0.001659652880688324
CIFAR10,PCKTAE,500,2,0.001441275382347767
CIFAR10,PCKTAE,500,2,0.0014155998101334094
CIFAR10,PCKTAE,500,2,0.0014088748685677375
CIFAR10,PCKTAE,500,2,0.0014046267257965244
CIFAR10,PCKTAE,500,2,0.0014022708804372823
CIFAR10,PCKTAE,500,2,0.0013990904358775376
CIFAR10,PCKTAE,500,2,0.0013973147401710035
CIFAR10,PCKTAE,500,2,0.0013968309029088835
CIFAR10,PCKTAE,500,2,0.0013961190779995926
CIFAR10,PCKTAE,500,2,0.0013967791248870362
CIFAR10,PCKTAE,500,2,0.0013963953259012775
CIFAR10,PCKTAE,500,2,0.0013968808992701532
CIFAR10,PCKTAE,500,2,0.0013970132530702617
CIFAR10,PCKTAE,500,2,0.001397191126452154
CIFAR10,PCKTAE,500,2,0.001397226323180682
CIFAR10,PCKTAE,500,2,0.0013968568551890037
CIFAR10,PCKTAE,500,2,0.001396256790775091
CIFAR10,PCKTAE,500,2,0.001397030463780436
CIFAR10,PCKTAE,500,2,0.0013969185949086456
CIFAR10,PCKTAE,500,2,0.0012309870216995478
CIFAR10,PCKTAE,1000,2,0.0016828634451045786
CIFAR10,PCKTAE,1000,2,0.001447269577197159
CIFAR10,PCKTAE,1000,2,0.00142015587887429
CIFAR10,PCKTAE,1000,2,0.0014680967856165203
CIFAR10,PCKTAE,1000,2,0.0014289642866972424
CIFAR10,PCKTAE,1000,2,0.001407393622045379
CIFAR10,PCKTAE,1000,2,0.0014055751131899902
CIFAR10,PCKTAE,1000,2,0.0014033095510390676
CIFAR10,PCKTAE,1000,2,0.0014028130265910303
CIFAR10,PCKTAE,1000,2,0.0014025260485313318
CIFAR10,PCKTAE,1000,2,0.0014023997926908304
CIFAR10,PCKTAE,1000,2,0.0014018813196374365
CIFAR10,PCKTAE,1000,2,0.0014016563811189379
CIFAR10,PCKTAE,1000,2,0.0014440936770032892
CIFAR10,PCKTAE,1000,2,0.0014243909185204435
CIFAR10,PCKTAE,1000,2,0.001404153382586663
CIFAR10,PCKTAE,1000,2,0.0014839566945720017
CIFAR10,PCKTAE,1000,2,0.0014108108157706459
CIFAR10,PCKTAE,1000,2,0.0014720233961168076
CIFAR10,PCKTAE,1000,2,0.001413181315764518
CIFAR10,PCKTAE,1000,2,0.0012652103750836812
CIFAR10,PCKTAE,100,3,0.0016424382570535516
CIFAR10,PCKTAE,100,3,0.0014531147631142488
CIFAR10,PCKTAE,100,3,0.0014118829788521046
CIFAR10,PCKTAE,100,3,0.0014049744937935716
CIFAR10,PCKTAE,100,3,0.0014025708928447017
CIFAR10,PCKTAE,100,3,0.0013991983016700391
CIFAR10,PCKTAE,100,3,0.0013970196029157056
CIFAR10,PCKTAE,100,3,0.001393311892521789
CIFAR10,PCKTAE,100,3,0.0013931411588826523
CIFAR10,PCKTAE,100,3,0.001392892261138162
CIFAR10,PCKTAE,100,3,0.0013930558955268292
CIFAR10,PCKTAE,100,3,0.0013927367948772162
CIFAR10,PCKTAE,100,3,0.001393182793884631
CIFAR10,PCKTAE,100,3,0.0013934927992522717
CIFAR10,PCKTAE,100,3,0.0013930693213992258
CIFAR10,PCKTAE,100,3,0.0013928886799527633
CIFAR10,PCKTAE,100,3,0.0013932564341679902
CIFAR10,PCKTAE,100,3,0.0013933346086941526
CIFAR10,PCKTAE,100,3,0.0013933997167169551
CIFAR10,PCKTAE,100,3,0.0013939253839990481
CIFAR10,PCKTAE,100,3,0.0012197130333184254
CIFAR10,PCKTAE,500,3,0.0016852679666574768
CIFAR10,PCKTAE,500,3,0.0014480594191295297
CIFAR10,PCKTAE,500,3,0.0014172615557837556
CIFAR10,PCKTAE,500,3,0.0014079793435557153
CIFAR10,PCKTAE,500,3,0.0014042252075651188
CIFAR10,PCKTAE,500,3,0.001402358145779356
CIFAR10,PCKTAE,500,3,0.0013997070994490133
CIFAR10,PCKTAE,500,3,0.001396654748364978
CIFAR10,PCKTAE,500,3,0.0013959342432196449
CIFAR10,PCKTAE,500,3,0.0013964749280782536
CIFAR10,PCKTAE,500,3,0.0013957937757777589
CIFAR10,PCKTAE,500,3,0.0013960318320104495
CIFAR10,PCKTAE,500,3,0.0013957210980794009
CIFAR10,PCKTAE,500,3,0.001396433258538737
CIFAR10,PCKTAE,500,3,0.0013958499513809447
CIFAR10,PCKTAE,500,3,0.0013958857840765506
CIFAR10,PCKTAE,500,3,0.0013966904384443712
CIFAR10,PCKTAE,500,3,0.001396255015366999
CIFAR10,PCKTAE,500,3,0.0013963252921109957
CIFAR10,PCKTAE,500,3,0.001395589407042736
CIFAR10,PCKTAE,500,3,0.0012475650026639805
CIFAR10,PCKTAE,1000,3,0.001667453517989658
CIFAR10,PCKTAE,1000,3,0.0014482076104749423
CIFAR10,PCKTAE,1000,3,0.0014190071954956406
CIFAR10,PCKTAE,1000,3,0.0014116945798577898
CIFAR10,PCKTAE,1000,3,0.0014061081560228564
CIFAR10,PCKTAE,1000,3,0.0014035335737173362
CIFAR10,PCKTAE,1000,3,0.0014018969585918976
CIFAR10,PCKTAE,1000,3,0.0014019710189827224
CIFAR10,PCKTAE,1000,3,0.0014019618358682184
CIFAR10,PCKTAE,1000,3,0.0014018412858671735
CIFAR10,PCKTAE,1000,3,0.0014708124317319305
CIFAR10,PCKTAE,1000,3,0.0014320460887735382
CIFAR10,PCKTAE,1000,3,0.0014049641408688386
CIFAR10,PCKTAE,1000,3,0.0014562333574937776
CIFAR10,PCKTAE,1000,3,0.0014498071620583802
CIFAR10,PCKTAE,1000,3,0.0014084262179110743
CIFAR10,PCKTAE,1000,3,0.001454707673367332
CIFAR10,PCKTAE,1000,3,0.0014071570009069369
CIFAR10,PCKTAE,1000,3,0.001402389753581313
CIFAR10,PCKTAE,1000,3,0.0014028184531528092
CIFAR10,PCKTAE,1000,3,0.001229525767738306
CIFAR100,PCKTAE,100,1,0.0018191609401827502
CIFAR100,PCKTAE,100,1,0.001576658242436893
CIFAR100,PCKTAE,100,1,0.0015526291291417596
CIFAR100,PCKTAE,100,1,0.0015395432037761069
CIFAR100,PCKTAE,100,1,0.0015343224380851325
CIFAR100,PCKTAE,100,1,0.0015297778140720161
CIFAR100,PCKTAE,100,1,0.0015290422112588077
CIFAR100,PCKTAE,100,1,0.0015280532267759256
CIFAR100,PCKTAE,100,1,0.0015276108178860315
CIFAR100,PCKTAE,100,1,0.0015278422610734202
CIFAR100,PCKTAE,100,1,0.0015276940524592386
CIFAR100,PCKTAE,100,1,0.0015281889211896168
CIFAR100,PCKTAE,100,1,0.001527848653793049
CIFAR100,PCKTAE,100,1,0.0015278307758533703
CIFAR100,PCKTAE,100,1,0.001527567299397286
CIFAR100,PCKTAE,100,1,0.001527557004233608
CIFAR100,PCKTAE,100,1,0.001527888141512928
CIFAR100,PCKTAE,100,1,0.0015284861259333923
CIFAR100,PCKTAE,100,1,0.0015279742456791574
CIFAR100,PCKTAE,100,1,0.001528369565315716
CIFAR100,PCKTAE,100,1,0.001342651706860884
CIFAR100,PCKTAE,500,1,0.0018292133147944994
CIFAR100,PCKTAE,500,1,0.001587600934038134
CIFAR100,PCKTAE,500,1,0.0015558627183379992
CIFAR100,PCKTAE,500,1,0.0015447488074879284
CIFAR100,PCKTAE,500,1,0.001537849623447908
CIFAR100,PCKTAE,500,1,0.001534270259904225
CIFAR100,PCKTAE,500,1,0.001531665475117257
CIFAR100,PCKTAE,500,1,0.0015317537366886578
CIFAR100,PCKTAE,500,1,0.0015302003352948086
CIFAR100,PCKTAE,500,1,0.0015313594397800543
CIFAR100,PCKTAE,500,1,0.0015314886816289
CIFAR100,PCKTAE,500,1,0.0015312851272056551
CIFAR100,PCKTAE,500,1,0.0015970799450279044
CIFAR100,PCKTAE,500,1,0.0015422277735508121
CIFAR100,PCKTAE,500,1,0.0015348987996249514
CIFAR100,PCKTAE,500,1,0.0015327129060464441
CIFAR100,PCKTAE,500,1,0.001532994808279016
CIFAR100,PCKTAE,500,1,0.0015325461296350374
CIFAR100,PCKTAE,500,1,0.0015314750532950739
CIFAR100,PCKTAE,500,1,0.0015316524461288091
CIFAR100,PCKTAE,500,1,0.0013567922516030412
CIFAR100,PCKTAE,1000,1,0.001825313832339309
CIFAR100,PCKTAE,1000,1,0.0016039525640442435
CIFAR100,PCKTAE,1000,1,0.0015688943926749936
CIFAR100,PCKTAE,1000,1,0.0015497352160356195
CIFAR100,PCKTAE,1000,1,0.0015409744062992122
CIFAR100,PCKTAE,1000,1,0.0015386466485926944
CIFAR100,PCKTAE,1000,1,0.0016282096054390683
CIFAR100,PCKTAE,1000,1,0.0015451633713810759
CIFAR100,PCKTAE,1000,1,0.0015541751517097245
CIFAR100,PCKTAE,1000,1,0.0015971209887234146
CIFAR100,PCKTAE,1000,1,0.0015917910781600858
CIFAR100,PCKTAE,1000,1,0.001551105111153782
CIFAR100,PCKTAE,1000,1,0.0015861293994118948
CIFAR100,PCKTAE,1000,1,0.0015463348340524164
CIFAR100,PCKTAE,1000,1,0.001600521889067424
CIFAR100,PCKTAE,1000,1,0.001546762494520401
CIFAR100,PCKTAE,1000,1,0.0015397004445519328
CIFAR100,PCKTAE,1000,1,0.0016200988993520283
CIFAR100,PCKTAE,1000,1,0.0015557955065027566
CIFAR100,PCKTAE,1000,1,0.0015432656893882987
CIFAR100,PCKTAE,1000,1,0.0013673701338304937
CIFAR100,PCKTAE,100,2,0.0018261859980661928
CIFAR100,PCKTAE,100,2,0.0015722969040760527
CIFAR100,PCKTAE,100,2,0.0015439903944173394
CIFAR100,PCKTAE,100,2,0.0015376313846162937
CIFAR100,PCKTAE,100,2,0.0015348565890965864
CIFAR100,PCKTAE,100,2,0.0015313730216668466
CIFAR100,PCKTAE,100,2,0.0015290238560460832
CIFAR100,PCKTAE,100,2,0.0015276404871198033
CIFAR100,PCKTAE,100,2,0.0015274862106174918
CIFAR100,PCKTAE,100,2,0.0015278232556022227
CIFAR100,PCKTAE,100,2,0.0015278770031569445
CIFAR100,PCKTAE,100,2,0.00152847850445153
CIFAR100,PCKTAE,100,2,0.0015278401679795265
CIFAR100,PCKTAE,100,2,0.001528648578900072
CIFAR100,PCKTAE,100,2,0.0015282279304455004
CIFAR100,PCKTAE,100,2,0.0015276220506247695
CIFAR100,PCKTAE,100,2,0.0015284242364518401
CIFAR100,PCKTAE,100,2,0.0015274123913939575
CIFAR100,PCKTAE,100,2,0.0015279332862433302
CIFAR100,PCKTAE,100,2,0.0015273921223252515
CIFAR100,PCKTAE,100,2,0.001346427898653606
CIFAR100,PCKTAE,500,2,0.001809170552710419
CIFAR100,PCKTAE,500,2,0.0015883826656038385
CIFAR100,PCKTAE,500,2,0.0015600987390288726
CIFAR100,PCKTAE,500,2,0.0015412726144180121
CIFAR100,PCKTAE,500,2,0.0015356643304057286
CIFAR100,PCKTAE,500,2,0.0015339310852039005
CIFAR100,PCKTAE,500,2,0.0015333590652707898
CIFAR100,PCKTAE,500,2,0.0015319249776723173
CIFAR100,PCKTAE,500,2,0.0015807916172672911
CIFAR100,PCKTAE,500,2,0.001536424492683519
CIFAR100,PCKTAE,500,2,0.0015336318034440508
CIFAR100,PCKTAE,500,2,0.0015326048759029003
CIFAR100,PCKTAE,500,2,0.001531851028933016
CIFAR100,PCKTAE,500,2,0.0015325101706987756
CIFAR100,PCKTAE,500,2,0.0015316220772121569
CIFAR100,PCKTAE,500,2,0.0015326080709228964
CIFAR100,PCKTAE,500,2,0.00153277444866393
CIFAR100,PCKTAE,500,2,0.0015304023024799954
CIFAR100,PCKTAE,500,2,0.001641266648490887
CIFAR100,PCKTAE,500,2,0.0015490397824631894
CIFAR100,PCKTAE,500,2,0.0013854447649084504
CIFAR100,PCKTAE,1000,2,0.0018331295842795496
CIFAR100,PCKTAE,1000,2,0.0015832823269483645
CIFAR100,PCKTAE,1000,2,0.001554556309169306
CIFAR100,PCKTAE,1000,2,0.0015474423954306203
CIFAR100,PCKTAE,1000,2,0.001542598955021204
CIFAR100,PCKTAE,1000,2,0.0015385052167793825
CIFAR100,PCKTAE,1000,2,0.001536573456657474
CIFAR100,PCKTAE,1000,2,0.00163345362650483
CIFAR100,PCKTAE,1000,2,0.0015791223882852346
CIFAR100,PCKTAE,1000,2,0.0015844130942769482
CIFAR100,PCKTAE,1000,2,0.0015419864481615135
CIFAR100,PCKTAE,1000,2,0.0015387869787776409
CIFAR100,PCKTAE,1000,2,0.0015374677689850827
CIFAR100,PCKTAE,1000,2,0.0016069979945202465
CIFAR100,PCKTAE,1000,2,0.0015541809340676917
CIFAR100,PCKTAE,1000,2,0.0015397619526318807
CIFAR100,PCKTAE,1000,2,0.00153935332204956
CIFAR100,PCKTAE,1000,2,0.0015374641598123685
CIFAR100,PCKTAE,1000,2,0.0015380655214681154
CIFAR100,PCKTAE,1000,2,0.0015367110476583775
CIFAR100,PCKTAE,1000,2,0.0013648683096199662
CIFAR100,PCKTAE,100,3,0.001820828637008167
CIFAR100,PCKTAE,100,3,0.0015786659553685151
CIFAR100,PCKTAE,100,3,0.001546056540397084
CIFAR100,PCKTAE,100,3,0.001536782627896694
CIFAR100,PCKTAE,100,3,0.0015338493652208268
CIFAR100,PCKTAE,100,3,0.0015314809050258544
CIFAR100,PCKTAE,100,3,0.0015283799036513166
CIFAR100,PCKTAE,100,3,0.0015279023959884977
CIFAR100,PCKTAE,100,3,0.0015264631679538837
CIFAR100,PCKTAE,100,3,0.0015269875621108714
CIFAR100,PCKTAE,100,3,0.0015280031294816786
CIFAR100,PCKTAE,100,3,0.0015277614372799083
CIFAR100,PCKTAE,100,3,0.0015273101555178766
CIFAR100,PCKTAE,100,3,0.0015275854268409026
CIFAR100,PCKTAE,100,3,0.0015271684956377196
CIFAR100,PCKTAE,100,3,0.0015268652637958375
CIFAR100,PCKTAE,100,3,0.0015278485358890402
CIFAR100,PCKTAE,100,3,0.001527543072207638
CIFAR100,PCKTAE,100,3,0.0015278772082980103
CIFAR100,PCKTAE,100,3,0.0015274985184859666
CIFAR100,PCKTAE,100,3,0.0013702160006837
CIFAR100,PCKTAE,500,3,0.0018471466806714834
CIFAR100,PCKTAE,500,3,0.0015905547667952144
CIFAR100,PCKTAE,500,3,0.001555386573716979
CIFAR100,PCKTAE,500,3,0.0015446875367046851
CIFAR100,PCKTAE,500,3,0.0015389623854052076
CIFAR100,PCKTAE,500,3,0.0015342015721847106
CIFAR100,PCKTAE,500,3,0.0015331159394634578
CIFAR100,PCKTAE,500,3,0.0015312666055577262
CIFAR100,PCKTAE,500,3,0.001531897035910917
CIFAR100,PCKTAE,500,3,0.0015322080916960908
CIFAR100,PCKTAE,500,3,0.0015308953868701596
CIFAR100,PCKTAE,500,3,0.001530747078216213
CIFAR100,PCKTAE,500,3,0.001530547019229997
CIFAR100,PCKTAE,500,3,0.0015312842899680977
CIFAR100,PCKTAE,500,3,0.0015910621032790492
CIFAR100,PCKTAE,500,3,0.0020654270972680217
CIFAR100,PCKTAE,500,3,0.0019860919296998732
CIFAR100,PCKTAE,500,3,0.0019701430160204507
CIFAR100,PCKTAE,500,3,0.0019675040747994164
CIFAR100,PCKTAE,500,3,0.0017336081618757543
CIFAR100,PCKTAE,500,3,0.00147286900820187
CIFAR100,PCKTAE,1000,3,0.001835149344261688
CIFAR100,PCKTAE,1000,3,0.0015980990894157868
CIFAR100,PCKTAE,1000,3,0.0015619433901208402
CIFAR100,PCKTAE,1000,3,0.0015467978422017887
CIFAR100,PCKTAE,1000,3,0.0015404956966705258
CIFAR100,PCKTAE,1000,3,0.0015381116880332608
CIFAR100,PCKTAE,1000,3,0.001536936752255196
CIFAR100,PCKTAE,1000,3,0.0015355383654546632
CIFAR100,PCKTAE,1000,3,0.0016710107807841753
CIFAR100,PCKTAE,1000,3,0.001587447254201564
CIFAR100,PCKTAE,1000,3,0.0015421541380312514
CIFAR100,PCKTAE,1000,3,0.0015391377065821414
CIFAR100,PCKTAE,1000,3,0.0015378023207168598
CIFAR100,PCKTAE,1000,3,0.0016369963760899803
CIFAR100,PCKTAE,1000,3,0.0016076884674899223
CIFAR100,PCKTAE,1000,3,0.0015440849180016524
CIFAR100,PCKTAE,1000,3,0.0015939664333234624
CIFAR100,PCKTAE,1000,3,0.001554085944524354
CIFAR100,PCKTAE,1000,3,0.0015402352750001243
CIFAR100,PCKTAE,1000,3,0.0015928195351782395
CIFAR100,PCKTAE,1000,3,0.0014190854168721016
MNIST,PCKTAE,10,1,0.0073759156946482055
MNIST,PCKTAE,10,1,0.007147982281678394
MNIST,PCKTAE,10,1,0.0070175621936570355
MNIST,PCKTAE,10,1,0.006995232055968504
MNIST,PCKTAE,10,1,0.0069874001394854045
MNIST,PCKTAE,10,1,0.006984536898439564
MNIST,PCKTAE,10,1,0.006982658321518443
MNIST,PCKTAE,10,1,0.006981447062044065
MNIST,PCKTAE,10,1,0.006980408413975097
MNIST,PCKTAE,10,1,0.006979245400584456
MNIST,PCKTAE,10,1,0.00697874556134727
MNIST,PCKTAE,10,1,0.006977624557753488
MNIST,PCKTAE,10,1,0.00697773194778512
MNIST,PCKTAE,10,1,0.00697757890408259
MNIST,PCKTAE,10,1,0.006977259785111652
MNIST,PCKTAE,10,1,0.006977078570390561
MNIST,PCKTAE,10,1,0.006977074224549506
MNIST,PCKTAE,10,1,0.006976893040607733
MNIST,PCKTAE,10,1,0.006976809938436251
MNIST,PCKTAE,10,1,0.0069765651008801294
MNIST,PCKTAE,10,1,0.006847662326608655
MNIST,PCKTAE,30,1,0.0073587059833681275
MNIST,PCKTAE,30,1,0.007047887176656519
MNIST,PCKTAE,30,1,0.006879946923872301
MNIST,PCKTAE,30,1,0.006864683829676877
MNIST,PCKTAE,30,1,0.006861255756382749
MNIST,PCKTAE,30,1,0.00686034817756938
MNIST,PCKTAE,30,1,0.006859123734618301
MNIST,PCKTAE,30,1,0.006857842372766118
MNIST,PCKTAE,30,1,0.00685731402493076
MNIST,PCKTAE,30,1,0.006856365155166528
MNIST,PCKTAE,30,1,0.00685584452400393
MNIST,PCKTAE,30,1,0.006855071845974749
MNIST,PCKTAE,30,1,0.006854443878396107
MNIST,PCKTAE,30,1,0.006854553830061259
MNIST,PCKTAE,30,1,0.0068541668625528625
MNIST,PCKTAE,30,1,0.006853977600529568
MNIST,PCKTAE,30,1,0.0068534237207539045
MNIST,PCKTAE,30,1,0.0068535615118152935
MNIST,PCKTAE,30,1,0.00685295006677286
MNIST,PCKTAE,30,1,0.006852853314470508
MNIST,PCKTAE,30,1,0.0066816581094849715
MNIST,PCKTAE,50,1,0.00724353572167059
MNIST,PCKTAE,50,1,0.006908528233713496
MNIST,PCKTAE,50,1,0.00686182587870212
MNIST,PCKTAE,50,1,0.006843333154408408
MNIST,PCKTAE,50,1,0.006838520563868826
MNIST,PCKTAE,50,1,0.006836597884157256
MNIST,PCKTAE,50,1,0.00683407805689267
MNIST,PCKTAE,50,1,0.0068315098276619975
MNIST,PCKTAE,50,1,0.006830003402475864
MNIST,PCKTAE,50,1,0.006829411771370849
MNIST,PCKTAE,50,1,0.006828516768390881
MNIST,PCKTAE,50,1,0.006828655938564269
MNIST,PCKTAE,50,1,0.006828021450734723
MNIST,PCKTAE,50,1,0.006827936628892986
MNIST,PCKTAE,50,1,0.006827801019191615
MNIST,PCKTAE,50,1,0.006827693679796925
MNIST,PCKTAE,50,1,0.006827042812406064
MNIST,PCKTAE,50,1,0.006827379666221167
MNIST,PCKTAE,50,1,0.006826873687006581
MNIST,PCKTAE,50,1,0.006826854148097257
MNIST,PCKTAE,50,1,0.006639065957757868
MNIST,PCKTAE,10,2,0.0073812160668755645
MNIST,PCKTAE,10,2,0.007115493804565879
MNIST,PCKTAE,10,2,0.007002222470875615
MNIST,PCKTAE,10,2,0.0069870833140700615
MNIST,PCKTAE,10,2,0.006982572379706701
MNIST,PCKTAE,10,2,0.006981077820443903
MNIST,PCKTAE,10,2,0.006980365415268552
MNIST,PCKTAE,10,2,0.0069787085179422205
MNIST,PCKTAE,10,2,0.0069779968564348946
MNIST,PCKTAE,10,2,0.006977444730087447
MNIST,PCKTAE,10,2,0.0069771579264212395
MNIST,PCKTAE,10,2,0.0069761362754856985
MNIST,PCKTAE,10,2,0.006976514303091683
MNIST,PCKTAE,10,2,0.006975752494133103
MNIST,PCKTAE,10,2,0.006975502502530623
MNIST,PCKTAE,10,2,0.006974772831151036
MNIST,PCKTAE,10,2,0.006974625048726034
MNIST,PCKTAE,10,2,0.006974675146533228
MNIST,PCKTAE,10,2,0.0069741553533623725
MNIST,PCKTAE,10,2,0.006974431603694204
MNIST,PCKTAE,10,2,0.006852897632678476
MNIST,PCKTAE,30,2,0.00726822489745486
MNIST,PCKTAE,30,2,0.0069193048750175465
MNIST,PCKTAE,30,2,0.006878646142256539
MNIST,PCKTAE,30,2,0.006871648079185471
MNIST,PCKTAE,30,2,0.006869606411596859
MNIST,PCKTAE,30,2,0.0068675785321496065
MNIST,PCKTAE,30,2,0.006864902628923275
MNIST,PCKTAE,30,2,0.006862784958263831
MNIST,PCKTAE,30,2,0.006862089173919928
MNIST,PCKTAE,30,2,0.0068609908437614504
MNIST,PCKTAE,30,2,0.006860194406084923
MNIST,PCKTAE,30,2,0.0068582192168577015
MNIST,PCKTAE,30,2,0.006856979722820365
MNIST,PCKTAE,30,2,0.006856758240808937
MNIST,PCKTAE,30,2,0.006856125703990968
MNIST,PCKTAE,30,2,0.006856353048965939
MNIST,PCKTAE,30,2,0.006855768930993037
MNIST,PCKTAE,30,2,0.00685610608763691
MNIST,PCKTAE,30,2,0.0068562902214287565
MNIST,PCKTAE,30,2,0.006855754419041277
MNIST,PCKTAE,30,2,0.006686019746563103
MNIST,PCKTAE,50,2,0.007339545293276244
MNIST,PCKTAE,50,2,0.006961900793484597
MNIST,PCKTAE,50,2,0.006863202084538969
MNIST,PCKTAE,50,2,0.006844542489679002
MNIST,PCKTAE,50,2,0.006840144882776907
MNIST,PCKTAE,50,2,0.006836055878247978
MNIST,PCKTAE,50,2,0.006833517041279754
MNIST,PCKTAE,50,2,0.006831619707839702
MNIST,PCKTAE,50,2,0.006830356553443141
MNIST,PCKTAE,50,2,0.006829900511188993
MNIST,PCKTAE,50,2,0.00682898369460885
MNIST,PCKTAE,50,2,0.006828363685965982
MNIST,PCKTAE,50,2,0.006828277302322103
MNIST,PCKTAE,50,2,0.006827801051956695
MNIST,PCKTAE,50,2,0.00682723119771525
MNIST,PCKTAE,50,2,0.006827152750170879
MNIST,PCKTAE,50,2,0.006826789369548498
MNIST,PCKTAE,50,2,0.006827322590444833
MNIST,PCKTAE,50,2,0.006827105072015193
MNIST,PCKTAE,50,2,0.006826814566887836
MNIST,PCKTAE,50,2,0.0066576786103505125
MNIST,PCKTAE,10,3,0.007347332475496444
MNIST,PCKTAE,10,3,0.007120603675654194
MNIST,PCKTAE,10,3,0.007006797269344139
MNIST,PCKTAE,10,3,0.00698871762037023
MNIST,PCKTAE,10,3,0.006982447688719993
MNIST,PCKTAE,10,3,0.006979574986509105
MNIST,PCKTAE,10,3,0.006977942261868703
MNIST,PCKTAE,10,3,0.006977102417411453
MNIST,PCKTAE,10,3,0.006976327098318255
MNIST,PCKTAE,10,3,0.00697557497988028
MNIST,PCKTAE,10,3,0.006974148541204393
MNIST,PCKTAE,10,3,0.00697408377556309
MNIST,PCKTAE,10,3,0.006974239635076731
MNIST,PCKTAE,10,3,0.00697339071072082
MNIST,PCKTAE,10,3,0.006972975296172888
MNIST,PCKTAE,10,3,0.006973322276383448
MNIST,PCKTAE,10,3,0.006972892294282407
MNIST,PCKTAE,10,3,0.006972591832542279
MNIST,PCKTAE,10,3,0.006972776703051985
MNIST,PCKTAE,10,3,0.006972482910494942
MNIST,PCKTAE,10,3,0.006854290012977546
MNIST,PCKTAE,30,3,0.007406430729011547
MNIST,PCKTAE,30,3,0.007009717374682617
MNIST,PCKTAE,30,3,0.006881697236427239
MNIST,PCKTAE,30,3,0.0068724471767907585
MNIST,PCKTAE,30,3,0.006867554048691858
MNIST,PCKTAE,30,3,0.006865058470565055
MNIST,PCKTAE,30,3,0.006863309701940398
MNIST,PCKTAE,30,3,0.006860712538165515
MNIST,PCKTAE,30,3,0.00685931985447211
MNIST,PCKTAE,30,3,0.006858839329753095
MNIST,PCKTAE,30,3,0.0068585308256751696
MNIST,PCKTAE,30,3,0.006857350964083283
MNIST,PCKTAE,30,3,0.0068569166440842376
MNIST,PCKTAE,30,3,0.006856602127117707
MNIST,PCKTAE,30,3,0.00685625314724439
MNIST,PCKTAE,30,3,0.0068562952255500536
MNIST,PCKTAE,30,3,0.006855348430907548
MNIST,PCKTAE,30,3,0.006855807819171374
MNIST,PCKTAE,30,3,0.0068553683580334255
MNIST,PCKTAE,30,3,0.006854899300099499
MNIST,PCKTAE,30,3,0.006693113117797088
MNIST,PCKTAE,50,3,0.007279313827700007
MNIST,PCKTAE,50,3,0.006910732720913028
MNIST,PCKTAE,50,3,0.006856240272553745
MNIST,PCKTAE,50,3,0.006841648001668614
MNIST,PCKTAE,50,3,0.006837673218194038
MNIST,PCKTAE,50,3,0.006834602943544131
MNIST,PCKTAE,50,3,0.006832963190297646
MNIST,PCKTAE,50,3,0.0068316641760104374
MNIST,PCKTAE,50,3,0.00683058683436785
MNIST,PCKTAE,50,3,0.006829118498090678
MNIST,PCKTAE,50,3,0.006828946597588215
MNIST,PCKTAE,50,3,0.006828312459252854
MNIST,PCKTAE,50,3,0.0068272725720681365
MNIST,PCKTAE,50,3,0.006827804305628419
MNIST,PCKTAE,50,3,0.006827116847586339
MNIST,PCKTAE,50,3,0.006826663622136182
MNIST,PCKTAE,50,3,0.006826832468536045
MNIST,PCKTAE,50,3,0.006826532632311079
MNIST,PCKTAE,50,3,0.006826858834496566
MNIST,PCKTAE,50,3,0.0068263776018532485
MNIST,PCKTAE,50,3,0.006636360954917684
